STATE,NAME,YEAR,AGE,SEX,LaunchYear,Mean,Lower80,Upper80
72,Puerto Rico,2000,1,1,2015,148240,148240,148240
72,Puerto Rico,2001,1,1,2015,144817,144817,144817
72,Puerto Rico,2002,1,1,2015,140687,140687,140687
72,Puerto Rico,2003,1,1,2015,136835,136835,136835
72,Puerto Rico,2004,1,1,2015,132832,132832,132832
72,Puerto Rico,2005,1,1,2015,128055,128055,128055
72,Puerto Rico,2006,1,1,2015,123906,123906,123906
72,Puerto Rico,2007,1,1,2015,120634,120634,120634
72,Puerto Rico,2008,1,1,2015,117558,117558,117558
72,Puerto Rico,2000,1,2,2015,141297,141297,141297
72,Puerto Rico,2001,1,2,2015,138315,138315,138315
72,Puerto Rico,2002,1,2,2015,134395,134395,134395
72,Puerto Rico,2003,1,2,2015,130757,130757,130757
72,Puerto Rico,2004,1,2,2015,126749,126749,126749
72,Puerto Rico,2005,1,2,2015,122031,122031,122031
72,Puerto Rico,2006,1,2,2015,117938,117938,117938
72,Puerto Rico,2007,1,2,2015,114618,114618,114618
72,Puerto Rico,2008,1,2,2015,111675,111675,111675
72,Puerto Rico,2000,2,1,2015,154434,154434,154434
72,Puerto Rico,2001,2,1,2015,153068,153068,153068
72,Puerto Rico,2002,2,1,2015,151033,151033,151033
72,Puerto Rico,2003,2,1,2015,148436,148436,148436
72,Puerto Rico,2004,2,1,2015,145120,145120,145120
72,Puerto Rico,2005,2,1,2015,141665,141665,141665
72,Puerto Rico,2006,2,1,2015,136972,136972,136972
72,Puerto Rico,2007,2,1,2015,131685,131685,131685
72,Puerto Rico,2008,2,1,2015,126784,126784,126784
72,Puerto Rico,2000,2,2,2015,147490,147490,147490
72,Puerto Rico,2001,2,2,2015,146053,146053,146053
72,Puerto Rico,2002,2,2,2015,143775,143775,143775
72,Puerto Rico,2003,2,2,2015,141231,141231,141231
72,Puerto Rico,2004,2,2,2015,138521,138521,138521
72,Puerto Rico,2005,2,2,2015,135139,135139,135139
72,Puerto Rico,2006,2,2,2015,130746,130746,130746
72,Puerto Rico,2007,2,2,2015,125388,125388,125388
72,Puerto Rico,2008,2,2,2015,120411,120411,120411
72,Puerto Rico,2000,3,1,2015,155920,155920,155920
72,Puerto Rico,2001,3,1,2015,155133,155133,155133
72,Puerto Rico,2002,3,1,2015,154464,154464,154464
72,Puerto Rico,2003,3,1,2015,153129,153129,153129
72,Puerto Rico,2004,3,1,2015,150573,150573,150573
72,Puerto Rico,2005,3,1,2015,148428,148428,148428
72,Puerto Rico,2006,3,1,2015,146162,146162,146162
72,Puerto Rico,2007,3,1,2015,143369,143369,143369
72,Puerto Rico,2008,3,1,2015,140100,140100,140100
72,Puerto Rico,2000,3,2,2015,149415,149415,149415
72,Puerto Rico,2001,3,2,2015,148576,148576,148576
72,Puerto Rico,2002,3,2,2015,148149,148149,148149
72,Puerto Rico,2003,3,2,2015,147116,147116,147116
72,Puerto Rico,2004,3,2,2015,144528,144528,144528
72,Puerto Rico,2005,3,2,2015,142671,142671,142671
72,Puerto Rico,2006,3,2,2015,140297,140297,140297
72,Puerto Rico,2007,3,2,2015,137116,137116,137116
72,Puerto Rico,2008,3,2,2015,133685,133685,133685
72,Puerto Rico,2000,4,1,2015,156319,156319,156319
72,Puerto Rico,2001,4,1,2015,153914,153914,153914
72,Puerto Rico,2002,4,1,2015,151565,151565,151565
72,Puerto Rico,2003,4,1,2015,150891,150891,150891
72,Puerto Rico,2004,4,1,2015,151692,151692,151692
72,Puerto Rico,2005,4,1,2015,151162,151162,151162
72,Puerto Rico,2006,4,1,2015,149682,149682,149682
72,Puerto Rico,2007,4,1,2015,148630,148630,148630
72,Puerto Rico,2008,4,1,2015,146908,146908,146908
72,Puerto Rico,2000,4,2,2015,150684,150684,150684
72,Puerto Rico,2001,4,2,2015,148106,148106,148106
72,Puerto Rico,2002,4,2,2015,146417,146417,146417
72,Puerto Rico,2003,4,2,2015,145877,145877,145877
72,Puerto Rico,2004,4,2,2015,146684,146684,146684
72,Puerto Rico,2005,4,2,2015,145798,145798,145798
72,Puerto Rico,2006,4,2,2015,144224,144224,144224
72,Puerto Rico,2007,4,2,2015,143143,143143,143143
72,Puerto Rico,2008,4,2,2015,141571,141571,141571
72,Puerto Rico,2000,5,1,2015,151469,151469,151469
72,Puerto Rico,2001,5,1,2015,152118,152118,152118
72,Puerto Rico,2002,5,1,2015,152002,152002,152002
72,Puerto Rico,2003,5,1,2015,149970,149970,149970
72,Puerto Rico,2004,5,1,2015,146244,146244,146244
72,Puerto Rico,2005,5,1,2015,141992,141992,141992
72,Puerto Rico,2006,5,1,2015,137448,137448,137448
72,Puerto Rico,2007,5,1,2015,133291,133291,133291
72,Puerto Rico,2008,5,1,2015,131059,131059,131059
72,Puerto Rico,2000,5,2,2015,153178,153178,153178
72,Puerto Rico,2001,5,2,2015,153016,153016,153016
72,Puerto Rico,2002,5,2,2015,151466,151466,151466
72,Puerto Rico,2003,5,2,2015,148818,148818,148818
72,Puerto Rico,2004,5,2,2015,144548,144548,144548
72,Puerto Rico,2005,5,2,2015,140188,140188,140188
72,Puerto Rico,2006,5,2,2015,135878,135878,135878
72,Puerto Rico,2007,5,2,2015,132582,132582,132582
72,Puerto Rico,2008,5,2,2015,130543,130543,130543
72,Puerto Rico,2000,6,1,2015,129839,129839,129839
72,Puerto Rico,2001,6,1,2015,128954,128954,128954
72,Puerto Rico,2002,6,1,2015,129145,129145,129145
72,Puerto Rico,2003,6,1,2015,129921,129921,129921
72,Puerto Rico,2004,6,1,2015,130496,130496,130496
72,Puerto Rico,2005,6,1,2015,129801,129801,129801
72,Puerto Rico,2006,6,1,2015,128042,128042,128042
72,Puerto Rico,2007,6,1,2015,125789,125789,125789
72,Puerto Rico,2008,6,1,2015,122189,122189,122189
72,Puerto Rico,2000,6,2,2015,136155,136155,136155
72,Puerto Rico,2001,6,2,2015,135987,135987,135987
72,Puerto Rico,2002,6,2,2015,137057,137057,137057
72,Puerto Rico,2003,6,2,2015,138041,138041,138041
72,Puerto Rico,2004,6,2,2015,138773,138773,138773
72,Puerto Rico,2005,6,2,2015,138193,138193,138193
72,Puerto Rico,2006,6,2,2015,136302,136302,136302
72,Puerto Rico,2007,6,2,2015,133184,133184,133184
72,Puerto Rico,2008,6,2,2015,129304,129304,129304
72,Puerto Rico,2000,7,1,2015,124544,124544,124544
72,Puerto Rico,2001,7,1,2015,123900,123900,123900
72,Puerto Rico,2002,7,1,2015,123245,123245,123245
72,Puerto Rico,2003,7,1,2015,122186,122186,122186
72,Puerto Rico,2004,7,1,2015,120606,120606,120606
72,Puerto Rico,2005,7,1,2015,118482,118482,118482
72,Puerto Rico,2006,7,1,2015,117625,117625,117625
72,Puerto Rico,2007,7,1,2015,117901,117901,117901
72,Puerto Rico,2008,7,1,2015,118875,118875,118875
72,Puerto Rico,2000,7,2,2015,133828,133828,133828
72,Puerto Rico,2001,7,2,2015,132423,132423,132423
72,Puerto Rico,2002,7,2,2015,131153,131153,131153
72,Puerto Rico,2003,7,2,2015,130158,130158,130158
72,Puerto Rico,2004,7,2,2015,128745,128745,128745
72,Puerto Rico,2005,7,2,2015,126837,126837,126837
72,Puerto Rico,2006,7,2,2015,126329,126329,126329
72,Puerto Rico,2007,7,2,2015,126989,126989,126989
72,Puerto Rico,2008,7,2,2015,127751,127751,127751
72,Puerto Rico,2000,8,1,2015,124760,124760,124760
72,Puerto Rico,2001,8,1,2015,124086,124086,124086
72,Puerto Rico,2002,8,1,2015,122485,122485,122485
72,Puerto Rico,2003,8,1,2015,120893,120893,120893
72,Puerto Rico,2004,8,1,2015,119731,119731,119731
72,Puerto Rico,2005,8,1,2015,118851,118851,118851
72,Puerto Rico,2006,8,1,2015,118386,118386,118386
72,Puerto Rico,2007,8,1,2015,117889,117889,117889
72,Puerto Rico,2008,8,1,2015,116878,116878,116878
72,Puerto Rico,2000,8,2,2015,140452,140452,140452
72,Puerto Rico,2001,8,2,2015,139265,139265,139265
72,Puerto Rico,2002,8,2,2015,136692,136692,136692
72,Puerto Rico,2003,8,2,2015,133902,133902,133902
72,Puerto Rico,2004,8,2,2015,131661,131661,131661
72,Puerto Rico,2005,8,2,2015,129689,129689,129689
72,Puerto Rico,2006,8,2,2015,128330,128330,128330
72,Puerto Rico,2007,8,2,2015,127024,127024,127024
72,Puerto Rico,2008,8,2,2015,126064,126064,126064
72,Puerto Rico,2000,9,1,2015,117338,117338,117338
72,Puerto Rico,2001,9,1,2015,117507,117507,117507
72,Puerto Rico,2002,9,1,2015,118339,118339,118339
72,Puerto Rico,2003,9,1,2015,119781,119781,119781
72,Puerto Rico,2004,9,1,2015,120363,120363,120363
72,Puerto Rico,2005,9,1,2015,120495,120495,120495
72,Puerto Rico,2006,9,1,2015,119571,119571,119571
72,Puerto Rico,2007,9,1,2015,117762,117762,117762
72,Puerto Rico,2008,9,1,2015,115863,115863,115863
72,Puerto Rico,2000,9,2,2015,135437,135437,135437
72,Puerto Rico,2001,9,2,2015,135501,135501,135501
72,Puerto Rico,2002,9,2,2015,136447,136447,136447
72,Puerto Rico,2003,9,2,2015,137364,137364,137364
72,Puerto Rico,2004,9,2,2015,137350,137350,137350
72,Puerto Rico,2005,9,2,2015,137036,137036,137036
72,Puerto Rico,2006,9,2,2015,135417,135417,135417
72,Puerto Rico,2007,9,2,2015,132379,132379,132379
72,Puerto Rico,2008,9,2,2015,129131,129131,129131
72,Puerto Rico,2000,10,1,2015,108550,108550,108550
72,Puerto Rico,2001,10,1,2015,110081,110081,110081
72,Puerto Rico,2002,10,1,2015,111316,111316,111316
72,Puerto Rico,2003,10,1,2015,112136,112136,112136
72,Puerto Rico,2004,10,1,2015,112946,112946,112946
72,Puerto Rico,2005,10,1,2015,113576,113576,113576
72,Puerto Rico,2006,10,1,2015,113488,113488,113488
72,Puerto Rico,2007,10,1,2015,114012,114012,114012
72,Puerto Rico,2008,10,1,2015,115135,115135,115135
72,Puerto Rico,2000,10,2,2015,127229,127229,127229
72,Puerto Rico,2001,10,2,2015,128922,128922,128922
72,Puerto Rico,2002,10,2,2015,130046,130046,130046
72,Puerto Rico,2003,10,2,2015,130966,130966,130966
72,Puerto Rico,2004,10,2,2015,131812,131812,131812
72,Puerto Rico,2005,10,2,2015,132160,132160,132160
72,Puerto Rico,2006,10,2,2015,131810,131810,131810
72,Puerto Rico,2007,10,2,2015,132264,132264,132264
72,Puerto Rico,2008,10,2,2015,132739,132739,132739
72,Puerto Rico,2000,11,1,2015,106234,106234,106234
72,Puerto Rico,2001,11,1,2015,105400,105400,105400
72,Puerto Rico,2002,11,1,2015,104889,104889,104889
72,Puerto Rico,2003,11,1,2015,105088,105088,105088
72,Puerto Rico,2004,11,1,2015,105484,105484,105484
72,Puerto Rico,2005,11,1,2015,106311,106311,106311
72,Puerto Rico,2006,11,1,2015,107826,107826,107826
72,Puerto Rico,2007,11,1,2015,109082,109082,109082
72,Puerto Rico,2008,11,1,2015,109888,109888,109888
72,Puerto Rico,2000,11,2,2015,123915,123915,123915
72,Puerto Rico,2001,11,2,2015,123273,123273,123273
72,Puerto Rico,2002,11,2,2015,122955,122955,122955
72,Puerto Rico,2003,11,2,2015,123251,123251,123251
72,Puerto Rico,2004,11,2,2015,123663,123663,123663
72,Puerto Rico,2005,11,2,2015,125112,125112,125112
72,Puerto Rico,2006,11,2,2015,126725,126725,126725
72,Puerto Rico,2007,11,2,2015,127731,127731,127731
72,Puerto Rico,2008,11,2,2015,128567,128567,128567
72,Puerto Rico,2000,12,1,2015,92071,92071,92071
72,Puerto Rico,2001,12,1,2015,95852,95852,95852
72,Puerto Rico,2002,12,1,2015,98839,98839,98839
72,Puerto Rico,2003,12,1,2015,101231,101231,101231
72,Puerto Rico,2004,12,1,2015,103423,103423,103423
72,Puerto Rico,2005,12,1,2015,103417,103417,103417
72,Puerto Rico,2006,12,1,2015,102475,102475,102475
72,Puerto Rico,2007,12,1,2015,101846,101846,101846
72,Puerto Rico,2008,12,1,2015,101947,101947,101947
72,Puerto Rico,2000,12,2,2015,107988,107988,107988
72,Puerto Rico,2001,12,2,2015,112447,112447,112447
72,Puerto Rico,2002,12,2,2015,116070,116070,116070
72,Puerto Rico,2003,12,2,2015,119032,119032,119032
72,Puerto Rico,2004,12,2,2015,121822,121822,121822
72,Puerto Rico,2005,12,2,2015,121827,121827,121827
72,Puerto Rico,2006,12,2,2015,121135,121135,121135
72,Puerto Rico,2007,12,2,2015,120788,120788,120788
72,Puerto Rico,2008,12,2,2015,121026,121026,121026
72,Puerto Rico,2000,13,1,2015,75636,75636,75636
72,Puerto Rico,2001,13,1,2015,77521,77521,77521
72,Puerto Rico,2002,13,1,2015,79818,79818,79818
72,Puerto Rico,2003,13,1,2015,82224,82224,82224
72,Puerto Rico,2004,13,1,2015,85146,85146,85146
72,Puerto Rico,2005,13,1,2015,89106,89106,89106
72,Puerto Rico,2006,13,1,2015,92856,92856,92856
72,Puerto Rico,2007,13,1,2015,95819,95819,95819
72,Puerto Rico,2008,13,1,2015,98310,98310,98310
72,Puerto Rico,2000,13,2,2015,88472,88472,88472
72,Puerto Rico,2001,13,2,2015,91207,91207,91207
72,Puerto Rico,2002,13,2,2015,94276,94276,94276
72,Puerto Rico,2003,13,2,2015,97146,97146,97146
72,Puerto Rico,2004,13,2,2015,100220,100220,100220
72,Puerto Rico,2005,13,2,2015,105019,105019,105019
72,Puerto Rico,2006,13,2,2015,109314,109314,109314
72,Puerto Rico,2007,13,2,2015,112832,112832,112832
72,Puerto Rico,2008,13,2,2015,115798,115798,115798
72,Puerto Rico,2000,14,1,2015,63339,63339,63339
72,Puerto Rico,2001,14,1,2015,65271,65271,65271
72,Puerto Rico,2002,14,1,2015,67270,67270,67270
72,Puerto Rico,2003,14,1,2015,69506,69506,69506
72,Puerto Rico,2004,14,1,2015,70519,70519,70519
72,Puerto Rico,2005,14,1,2015,71626,71626,71626
72,Puerto Rico,2006,14,1,2015,73438,73438,73438
72,Puerto Rico,2007,14,1,2015,75619,75619,75619
72,Puerto Rico,2008,14,1,2015,77970,77970,77970
72,Puerto Rico,2000,14,2,2015,75394,75394,75394
72,Puerto Rico,2001,14,2,2015,76999,76999,76999
72,Puerto Rico,2002,14,2,2015,79075,79075,79075
72,Puerto Rico,2003,14,2,2015,81385,81385,81385
72,Puerto Rico,2004,14,2,2015,83089,83089,83089
72,Puerto Rico,2005,14,2,2015,84754,84754,84754
72,Puerto Rico,2006,14,2,2015,87245,87245,87245
72,Puerto Rico,2007,14,2,2015,90107,90107,90107
72,Puerto Rico,2008,14,2,2015,92882,92882,92882
72,Puerto Rico,2000,15,1,2015,48960,48960,48960
72,Puerto Rico,2001,15,1,2015,50030,50030,50030
72,Puerto Rico,2002,15,1,2015,51266,51266,51266
72,Puerto Rico,2003,15,1,2015,52275,52275,52275
72,Puerto Rico,2004,15,1,2015,54682,54682,54682
72,Puerto Rico,2005,15,1,2015,56296,56296,56296
72,Puerto Rico,2006,15,1,2015,57865,57865,57865
72,Puerto Rico,2007,15,1,2015,59460,59460,59460
72,Puerto Rico,2008,15,1,2015,61201,61201,61201
72,Puerto Rico,2000,15,2,2015,60814,60814,60814
72,Puerto Rico,2001,15,2,2015,62309,62309,62309
72,Puerto Rico,2002,15,2,2015,63556,63556,63556
72,Puerto Rico,2003,15,2,2015,64683,64683,64683
72,Puerto Rico,2004,15,2,2015,67528,67528,67528
72,Puerto Rico,2005,15,2,2015,68829,68829,68829
72,Puerto Rico,2006,15,2,2015,70053,70053,70053
72,Puerto Rico,2007,15,2,2015,71642,71642,71642
72,Puerto Rico,2008,15,2,2015,73458,73458,73458
72,Puerto Rico,2000,16,1,2015,36640,36640,36640
72,Puerto Rico,2001,16,1,2015,37247,37247,37247
72,Puerto Rico,2002,16,1,2015,37905,37905,37905
72,Puerto Rico,2003,16,1,2015,38493,38493,38493
72,Puerto Rico,2004,16,1,2015,38658,38658,38658
72,Puerto Rico,2005,16,1,2015,39637,39637,39637
72,Puerto Rico,2006,16,1,2015,40479,40479,40479
72,Puerto Rico,2007,16,1,2015,41463,41463,41463
72,Puerto Rico,2008,16,1,2015,42200,42200,42200
72,Puerto Rico,2000,16,2,2015,48505,48505,48505
72,Puerto Rico,2001,16,2,2015,49465,49465,49465
72,Puerto Rico,2002,16,2,2015,50399,50399,50399
72,Puerto Rico,2003,16,2,2015,51324,51324,51324
72,Puerto Rico,2004,16,2,2015,51252,51252,51252
72,Puerto Rico,2005,16,2,2015,52346,52346,52346
72,Puerto Rico,2006,16,2,2015,53486,53486,53486
72,Puerto Rico,2007,16,2,2015,54428,54428,54428
72,Puerto Rico,2008,16,2,2015,55303,55303,55303
72,Puerto Rico,2000,17,1,2015,23497,23497,23497
72,Puerto Rico,2001,17,1,2015,24284,24284,24284
72,Puerto Rico,2002,17,1,2015,24931,24931,24931
72,Puerto Rico,2003,17,1,2015,25374,25374,25374
72,Puerto Rico,2004,17,1,2015,25776,25776,25776
72,Puerto Rico,2005,17,1,2015,26126,26126,26126
72,Puerto Rico,2006,17,1,2015,26554,26554,26554
72,Puerto Rico,2007,17,1,2015,27001,27001,27001
72,Puerto Rico,2008,17,1,2015,27454,27454,27454
72,Puerto Rico,2000,17,2,2015,32088,32088,32088
72,Puerto Rico,2001,17,2,2015,33410,33410,33410
72,Puerto Rico,2002,17,2,2015,34689,34689,34689
72,Puerto Rico,2003,17,2,2015,35844,35844,35844
72,Puerto Rico,2004,17,2,2015,36873,36873,36873
72,Puerto Rico,2005,17,2,2015,37661,37661,37661
72,Puerto Rico,2006,17,2,2015,38296,38296,38296
72,Puerto Rico,2007,17,2,2015,38829,38829,38829
72,Puerto Rico,2008,17,2,2015,39461,39461,39461
72,Puerto Rico,2000,18,1,2015,19252,19252,19252
72,Puerto Rico,2001,18,1,2015,19307,19307,19307
72,Puerto Rico,2002,18,1,2015,19532,19532,19532
72,Puerto Rico,2003,18,1,2015,19915,19915,19915
72,Puerto Rico,2004,18,1,2015,20427,20427,20427
72,Puerto Rico,2005,18,1,2015,20932,20932,20932
72,Puerto Rico,2006,18,1,2015,21513,21513,21513
72,Puerto Rico,2007,18,1,2015,22089,22089,22089
72,Puerto Rico,2008,18,1,2015,22730,22730,22730
72,Puerto Rico,2000,18,2,2015,29391,29391,29391
72,Puerto Rico,2001,18,2,2015,29937,29937,29937
72,Puerto Rico,2002,18,2,2015,30747,30747,30747
72,Puerto Rico,2003,18,2,2015,31699,31699,31699
72,Puerto Rico,2004,18,2,2015,32826,32826,32826
72,Puerto Rico,2005,18,2,2015,33966,33966,33966
72,Puerto Rico,2006,18,2,2015,35182,35182,35182
72,Puerto Rico,2007,18,2,2015,36481,36481,36481
72,Puerto Rico,2008,18,2,2015,37992,37992,37992
72,Puerto Rico,2010,1,1,2015,113948,113948,113948
72,Puerto Rico,2010,2,1,2015,122270,122270,122270
72,Puerto Rico,2010,3,1,2015,136801,136801,136801
72,Puerto Rico,2010,4,1,2015,144217,144217,144217
72,Puerto Rico,2010,5,1,2015,131268,131268,131268
72,Puerto Rico,2010,6,1,2015,117769,117769,117769
72,Puerto Rico,2010,7,1,2015,119411,119411,119411
72,Puerto Rico,2010,8,1,2015,115433,115433,115433
72,Puerto Rico,2010,9,1,2015,114787,114787,114787
72,Puerto Rico,2010,10,1,2015,115450,115450,115450
72,Puerto Rico,2010,11,1,2015,110657,110657,110657
72,Puerto Rico,2010,12,1,2015,102341,102341,102341
72,Puerto Rico,2010,13,1,2015,99948,99948,99948
72,Puerto Rico,2010,14,1,2015,81028,81028,81028
72,Puerto Rico,2010,15,1,2015,62033,62033,62033
72,Puerto Rico,2010,16,1,2015,43976,43976,43976
72,Puerto Rico,2010,17,1,2015,27843,27843,27843
72,Puerto Rico,2010,18,1,2015,23602,23602,23602
72,Puerto Rico,2010,1,2,2015,108371,108371,108371
72,Puerto Rico,2010,2,2,2015,115784,115784,115784
72,Puerto Rico,2010,3,2,2015,130668,130668,130668
72,Puerto Rico,2010,4,2,2015,138682,138682,138682
72,Puerto Rico,2010,5,2,2015,130897,130897,130897
72,Puerto Rico,2010,6,2,2015,124700,124700,124700
72,Puerto Rico,2010,7,2,2015,128372,128372,128372
72,Puerto Rico,2010,8,2,2015,124848,124848,124848
72,Puerto Rico,2010,9,2,2015,126901,126901,126901
72,Puerto Rico,2010,10,2,2015,132380,132380,132380
72,Puerto Rico,2010,11,2,2015,129118,129118,129118
72,Puerto Rico,2010,12,2,2015,121649,121649,121649
72,Puerto Rico,2010,13,2,2015,117971,117971,117971
72,Puerto Rico,2010,14,2,2015,96386,96386,96386
72,Puerto Rico,2010,15,2,2015,74983,74983,74983
72,Puerto Rico,2010,16,2,2015,57523,57523,57523
72,Puerto Rico,2010,17,2,2015,39724,39724,39724
72,Puerto Rico,2010,18,2,2015,39786,39786,39786
72,Puerto Rico,2011,1,1,2015,109273,109273,109273
72,Puerto Rico,2011,2,1,2015,117830,117830,117830
72,Puerto Rico,2011,3,1,2015,133296,133296,133296
72,Puerto Rico,2011,4,1,2015,140690,140690,140690
72,Puerto Rico,2011,5,1,2015,132905,132905,132905
72,Puerto Rico,2011,6,1,2015,114401,114401,114401
72,Puerto Rico,2011,7,1,2015,117297,117297,117297
72,Puerto Rico,2011,8,1,2015,112635,112635,112635
72,Puerto Rico,2011,9,1,2015,113428,113428,113428
72,Puerto Rico,2011,10,1,2015,114768,114768,114768
72,Puerto Rico,2011,11,1,2015,110266,110266,110266
72,Puerto Rico,2011,12,1,2015,102603,102603,102603
72,Puerto Rico,2011,13,1,2015,98590,98590,98590
72,Puerto Rico,2011,14,1,2015,84114,84114,84114
72,Puerto Rico,2011,15,1,2015,63207,63207,63207
72,Puerto Rico,2011,16,1,2015,45248,45248,45248
72,Puerto Rico,2011,17,1,2015,28641,28641,28641
72,Puerto Rico,2011,18,1,2015,24249,24249,24249
72,Puerto Rico,2011,1,2,2015,104188,104188,104188
72,Puerto Rico,2011,2,2,2015,111079,111079,111079
72,Puerto Rico,2011,3,2,2015,126549,126549,126549
72,Puerto Rico,2011,4,2,2015,134268,134268,134268
72,Puerto Rico,2011,5,2,2015,131188,131188,131188
72,Puerto Rico,2011,6,2,2015,119589,119589,119589
72,Puerto Rico,2011,7,2,2015,126267,126267,126267
72,Puerto Rico,2011,8,2,2015,121968,121968,121968
72,Puerto Rico,2011,9,2,2015,124337,124337,124337
72,Puerto Rico,2011,10,2,2015,131004,131004,131004
72,Puerto Rico,2011,11,2,2015,127952,127952,127952
72,Puerto Rico,2011,12,2,2015,122116,122116,122116
72,Puerto Rico,2011,13,2,2015,117001,117001,117001
72,Puerto Rico,2011,14,2,2015,100410,100410,100410
72,Puerto Rico,2011,15,2,2015,76738,76738,76738
72,Puerto Rico,2011,16,2,2015,58772,58772,58772
72,Puerto Rico,2011,17,2,2015,40698,40698,40698
72,Puerto Rico,2011,18,2,2015,41167,41167,41167
72,Puerto Rico,2012,1,1,2015,104437,104437,104437
72,Puerto Rico,2012,2,1,2015,114141,114141,114141
72,Puerto Rico,2012,3,1,2015,128131,128131,128131
72,Puerto Rico,2012,4,1,2015,137024,137024,137024
72,Puerto Rico,2012,5,1,2015,132933,132933,132933
72,Puerto Rico,2012,6,1,2015,111481,111481,111481
72,Puerto Rico,2012,7,1,2015,113719,113719,113719
72,Puerto Rico,2012,8,1,2015,110466,110466,110466
72,Puerto Rico,2012,9,1,2015,111927,111927,111927
72,Puerto Rico,2012,10,1,2015,113163,113163,113163
72,Puerto Rico,2012,11,1,2015,109195,109195,109195
72,Puerto Rico,2012,12,1,2015,103170,103170,103170
72,Puerto Rico,2012,13,1,2015,96402,96402,96402
72,Puerto Rico,2012,14,1,2015,86887,86887,86887
72,Puerto Rico,2012,15,1,2015,64756,64756,64756
72,Puerto Rico,2012,16,1,2015,46606,46606,46606
72,Puerto Rico,2012,17,1,2015,29307,29307,29307
72,Puerto Rico,2012,18,1,2015,25327,25327,25327
72,Puerto Rico,2012,1,2,2015,100050,100050,100050
72,Puerto Rico,2012,2,2,2015,107838,107838,107838
72,Puerto Rico,2012,3,2,2015,121438,121438,121438
72,Puerto Rico,2012,4,2,2015,130895,130895,130895
72,Puerto Rico,2012,5,2,2015,130792,130792,130792
72,Puerto Rico,2012,6,2,2015,116166,116166,116166
72,Puerto Rico,2012,7,2,2015,123796,123796,123796
72,Puerto Rico,2012,8,2,2015,120311,120311,120311
72,Puerto Rico,2012,9,2,2015,122137,122137,122137
72,Puerto Rico,2012,10,2,2015,128847,128847,128847
72,Puerto Rico,2012,11,2,2015,126822,126822,126822
72,Puerto Rico,2012,12,2,2015,122668,122668,122668
72,Puerto Rico,2012,13,2,2015,115460,115460,115460
72,Puerto Rico,2012,14,2,2015,104153,104153,104153
72,Puerto Rico,2012,15,2,2015,79336,79336,79336
72,Puerto Rico,2012,16,2,2015,60221,60221,60221
72,Puerto Rico,2012,17,2,2015,41769,41769,41769
72,Puerto Rico,2012,18,2,2015,42717,42717,42717
72,Puerto Rico,2013,1,1,2015,100224,100224,100224
72,Puerto Rico,2013,2,1,2015,110739,110739,110739
72,Puerto Rico,2013,3,1,2015,123213,123213,123213
72,Puerto Rico,2013,4,1,2015,133352,133352,133352
72,Puerto Rico,2013,5,1,2015,132712,132712,132712
72,Puerto Rico,2013,6,1,2015,110260,110260,110260
72,Puerto Rico,2013,7,1,2015,110260,110260,110260
72,Puerto Rico,2013,8,1,2015,109153,109153,109153
72,Puerto Rico,2013,9,1,2015,110515,110515,110515
72,Puerto Rico,2013,10,1,2015,111031,111031,111031
72,Puerto Rico,2013,11,1,2015,108981,108981,108981
72,Puerto Rico,2013,12,1,2015,103584,103584,103584
72,Puerto Rico,2013,13,1,2015,95392,95392,95392
72,Puerto Rico,2013,14,1,2015,89338,89338,89338
72,Puerto Rico,2013,15,1,2015,66940,66940,66940
72,Puerto Rico,2013,16,1,2015,48182,48182,48182
72,Puerto Rico,2013,17,1,2015,30073,30073,30073
72,Puerto Rico,2013,18,1,2015,26331,26331,26331
72,Puerto Rico,2013,1,2,2015,95374,95374,95374
72,Puerto Rico,2013,2,2,2015,104618,104618,104618
72,Puerto Rico,2013,3,2,2015,115764,115764,115764
72,Puerto Rico,2013,4,2,2015,127075,127075,127075
72,Puerto Rico,2013,5,2,2015,129937,129937,129937
72,Puerto Rico,2013,6,2,2015,114137,114137,114137
72,Puerto Rico,2013,7,2,2015,119756,119756,119756
72,Puerto Rico,2013,8,2,2015,119382,119382,119382
72,Puerto Rico,2013,9,2,2015,119871,119871,119871
72,Puerto Rico,2013,10,2,2015,125230,125230,125230
72,Puerto Rico,2013,11,2,2015,126616,126616,126616
72,Puerto Rico,2013,12,2,2015,122475,122475,122475
72,Puerto Rico,2013,13,2,2015,114316,114316,114316
72,Puerto Rico,2013,14,2,2015,106926,106926,106926
72,Puerto Rico,2013,15,2,2015,82119,82119,82119
72,Puerto Rico,2013,16,2,2015,61768,61768,61768
72,Puerto Rico,2013,17,2,2015,42877,42877,42877
72,Puerto Rico,2013,18,2,2015,44556,44556,44556
72,Puerto Rico,2014,1,1,2015,94603,94603,94603
72,Puerto Rico,2014,2,1,2015,106482,106482,106482
72,Puerto Rico,2014,3,1,2015,117799,117799,117799
72,Puerto Rico,2014,4,1,2015,128155,128155,128155
72,Puerto Rico,2014,5,1,2015,130029,130029,130029
72,Puerto Rico,2014,6,1,2015,109938,109938,109938
72,Puerto Rico,2014,7,1,2015,105318,105318,105318
72,Puerto Rico,2014,8,1,2015,106733,106733,106733
72,Puerto Rico,2014,9,1,2015,107700,107700,107700
72,Puerto Rico,2014,10,1,2015,108221,108221,108221
72,Puerto Rico,2014,11,1,2015,108207,108207,108207
72,Puerto Rico,2014,12,1,2015,103212,103212,103212
72,Puerto Rico,2014,13,1,2015,94960,94960,94960
72,Puerto Rico,2014,14,1,2015,90420,90420,90420
72,Puerto Rico,2014,15,1,2015,68737,68737,68737
72,Puerto Rico,2014,16,1,2015,49974,49974,49974
72,Puerto Rico,2014,17,1,2015,31104,31104,31104
72,Puerto Rico,2014,18,1,2015,27294,27294,27294
72,Puerto Rico,2014,1,2,2015,89995,89995,89995
72,Puerto Rico,2014,2,2,2015,101168,101168,101168
72,Puerto Rico,2014,3,2,2015,110854,110854,110854
72,Puerto Rico,2014,4,2,2015,122069,122069,122069
72,Puerto Rico,2014,5,2,2015,127878,127878,127878
72,Puerto Rico,2014,6,2,2015,113128,113128,113128
72,Puerto Rico,2014,7,2,2015,115191,115191,115191
72,Puerto Rico,2014,8,2,2015,117319,117319,117319
72,Puerto Rico,2014,9,2,2015,117782,117782,117782
72,Puerto Rico,2014,10,2,2015,121145,121145,121145
72,Puerto Rico,2014,11,2,2015,126263,126263,126263
72,Puerto Rico,2014,12,2,2015,121840,121840,121840
72,Puerto Rico,2014,13,2,2015,114109,114109,114109
72,Puerto Rico,2014,14,2,2015,108463,108463,108463
72,Puerto Rico,2014,15,2,2015,84677,84677,84677
72,Puerto Rico,2014,16,2,2015,63415,63415,63415
72,Puerto Rico,2014,17,2,2015,44266,44266,44266
72,Puerto Rico,2014,18,2,2015,46426,46426,46426
72,Puerto Rico,2015,1,1,2015,88331,88331,88331
72,Puerto Rico,2015,2,1,2015,101705,101705,101705
72,Puerto Rico,2015,3,1,2015,111725,111725,111725
72,Puerto Rico,2015,4,1,2015,124020,124020,124020
72,Puerto Rico,2015,5,1,2015,125921,125921,125921
72,Puerto Rico,2015,6,1,2015,110956,110956,110956
72,Puerto Rico,2015,7,1,2015,99447,99447,99447
72,Puerto Rico,2015,8,1,2015,104881,104881,104881
72,Puerto Rico,2015,9,1,2015,104635,104635,104635
72,Puerto Rico,2015,10,1,2015,106013,106013,106013
72,Puerto Rico,2015,11,1,2015,106993,106993,106993
72,Puerto Rico,2015,12,1,2015,102928,102928,102928
72,Puerto Rico,2015,13,1,2015,94858,94858,94858
72,Puerto Rico,2015,14,1,2015,90981,90981,90981
72,Puerto Rico,2015,15,1,2015,70922,70922,70922
72,Puerto Rico,2015,16,1,2015,51268,51268,51268
72,Puerto Rico,2015,17,1,2015,32490,32490,32490
72,Puerto Rico,2015,18,1,2015,28262,28262,28262
72,Puerto Rico,2015,1,2,2015,84057,84057,84057
72,Puerto Rico,2015,2,2,2015,97073,97073,97073
72,Puerto Rico,2015,3,2,2015,105217,105217,105217
72,Puerto Rico,2015,4,2,2015,118620,118620,118620
72,Puerto Rico,2015,5,2,2015,123363,123363,123363
72,Puerto Rico,2015,6,2,2015,114016,114016,114016
72,Puerto Rico,2015,7,2,2015,109091,109091,109091
72,Puerto Rico,2015,8,2,2015,115994,115994,115994
72,Puerto Rico,2015,9,2,2015,114880,114880,114880
72,Puerto Rico,2015,10,2,2015,118093,118093,118093
72,Puerto Rico,2015,11,2,2015,124743,124743,124743
72,Puerto Rico,2015,12,2,2015,121480,121480,121480
72,Puerto Rico,2015,13,2,2015,113815,113815,113815
72,Puerto Rico,2015,14,2,2015,109800,109800,109800
72,Puerto Rico,2015,15,2,2015,87382,87382,87382
72,Puerto Rico,2015,16,2,2015,65029,65029,65029
72,Puerto Rico,2015,17,2,2015,46267,46267,46267
72,Puerto Rico,2015,18,2,2015,47921,47921,47921
72,Puerto Rico,2020,1,1,2015,76359.44783820034,72806.10704806213,79996.49717096337
72,Puerto Rico,2020,1,2,2015,72630.95917422572,69251.12135235597,76090.41820753741
72,Puerto Rico,2025,1,1,2015,66540.21005166176,57154.6301885595,76678.90626583732
72,Puerto Rico,2025,1,2,2015,63291.17635773296,54363.87676138374,72934.81904582572
72,Puerto Rico,2030,1,1,2015,56656.68470166679,45390.705164472165,69355.7467170654
72,Puerto Rico,2030,1,2,2015,53890.24501896821,43174.36213886317,65969.23564689618
72,Puerto Rico,2035,1,1,2015,48426.80184496995,36444.530367646694,62529.524664757846
72,Puerto Rico,2035,1,2,2015,46062.21191113353,34665.01228328895,59476.32521823647
72,Puerto Rico,2040,1,1,2015,41103.8618231435,28936.364480303775,56212.11936852493
72,Puerto Rico,2040,1,2,2015,39096.837320060324,27523.456058413944,53467.38697748367
72,Puerto Rico,2045,1,1,2015,34223.10905017138,22453.986334048317,49717.38209920153
72,Puerto Rico,2045,1,2,2015,32552.058803580974,21357.600282581112,47289.77555138896
72,Puerto Rico,2020,2,1,2015,78431.75416041494,76360.55300507638,80502.95531575351
72,Puerto Rico,2020,2,2,2015,74804.53986862634,72796.05280064151,76813.02693661115
72,Puerto Rico,2025,2,1,2015,67801.85258483158,62939.56364511681,72907.07041888879
72,Puerto Rico,2025,2,2,2015,64636.204970971354,59973.68793163851,69532.99955260809
72,Puerto Rico,2030,2,1,2015,59083.055739823016,49409.144784945674,69883.49010856384
72,Puerto Rico,2030,2,2,2015,56324.486065221165,47080.85755105772,66649.34770434194
72,Puerto Rico,2035,2,1,2015,50307.176031803916,39239.44422286027,63209.32151628119
72,Puerto Rico,2035,2,2,2015,47958.349477752585,37390.37969347825,60284.053377264056
72,Puerto Rico,2040,2,1,2015,42999.61527753351,31505.63780421144,56988.05096741017
72,Puerto Rico,2040,2,2,2015,40991.97648433209,30021.010320487156,54350.697396755095
72,Puerto Rico,2045,2,1,2015,36497.35637043005,25014.964097230255,51230.50496120461
72,Puerto Rico,2045,2,2,2015,34793.30604287151,23836.19401696989,48859.60522183358
72,Puerto Rico,2020,3,1,2015,92250.91180891942,90505.7436575981,93996.07996024075
72,Puerto Rico,2020,3,2,2015,87525.28717646498,85192.61727406448,89857.95707886548
72,Puerto Rico,2025,3,1,2015,71141.05340023882,67952.10300211272,74401.08377066275
72,Puerto Rico,2025,3,2,2015,67447.0639014437,63886.83017221722,71103.82575554214
72,Puerto Rico,2030,3,1,2015,61499.26476854288,56008.96724041121,67380.9431272875
72,Puerto Rico,2030,3,2,2015,58278.84583850423,52633.7441149883,64364.89332114007
72,Puerto Rico,2035,3,1,2015,53590.93224970143,43968.45181896114,64586.54072214012
72,Puerto Rico,2035,3,2,2015,50784.634428989346,41318.81654303472,61695.57163527592
72,Puerto Rico,2040,3,1,2015,45630.8230614594,34918.58886092926,58418.25317808302
72,Puerto Rico,2040,3,2,2015,43241.35764372755,32814.318162191805,55803.38385456542
72,Puerto Rico,2045,3,1,2015,39002.5437961281,28036.391316819158,52668.535426094706
72,Puerto Rico,2045,3,2,2015,36960.16929240948,26346.856926375018,50311.030192576975
72,Puerto Rico,2020,4,1,2015,101390.90381710223,98250.7856936935,104531.02194051097
72,Puerto Rico,2020,4,2,2015,95519.65353876905,92202.68969565505,98836.61738188307
72,Puerto Rico,2025,4,1,2015,83718.0875028698,79590.60572075212,87943.6679046404
72,Puerto Rico,2025,4,2,2015,79458.50106900216,74655.12659438369,84408.95028865582
72,Puerto Rico,2030,4,1,2015,64560.802888797916,59756.97032442482,69610.39445091915
72,Puerto Rico,2030,4,2,2015,61230.79137471245,55984.656262846845,66792.0737199179
72,Puerto Rico,2035,4,1,2015,55810.83946269711,49254.1959030006,63042.28099718783
72,Puerto Rico,2035,4,2,2015,52907.56401658722,46123.466513536565,60461.79166871553
72,Puerto Rico,2040,4,1,2015,48633.99469409997,38665.7859650771,60427.81029570583
72,Puerto Rico,2040,4,2,2015,46104.058144122195,36208.084437962774,57954.338252110625
72,Puerto Rico,2045,4,1,2015,41410.16238191667,30707.3510038161,54656.69907974509
72,Puerto Rico,2045,4,2,2015,39256.009016364835,28755.509044004946,52419.45406776504
72,Puerto Rico,2020,5,1,2015,107979.15452969605,105920.08472736951,110038.2243320226
72,Puerto Rico,2020,5,2,2015,104353.97657863167,102502.21990715414,106205.73325010919
72,Puerto Rico,2025,5,1,2015,88276.92365080173,83911.72024840057,92746.39608083795
72,Puerto Rico,2025,5,2,2015,84031.83011451457,79674.42568888154,88492.79565843348
72,Puerto Rico,2030,5,1,2015,72889.92345914364,67974.87261284249,78029.06835568228
72,Puerto Rico,2030,5,2,2015,69902.29775356458,64511.18026786334,75575.06709053033
72,Puerto Rico,2035,5,1,2015,56210.457278590206,51035.827768214665,61762.65280140963
72,Puerto Rico,2035,5,2,2015,53866.7726269417,48377.60535896781,59801.898201983044
72,Puerto Rico,2040,5,1,2015,48592.22108349162,42065.86520903305,55935.015793992585
72,Puerto Rico,2040,5,2,2015,46544.55147714886,39856.32867518787,54134.116656476785
72,Puerto Rico,2045,5,1,2015,42343.63512716206,33022.76508201339,53615.295478243694
72,Puerto Rico,2045,5,2,2015,40559.280085580845,31288.223178864155,51889.082693392855
72,Puerto Rico,2020,6,1,2015,107122.90252535729,104222.1701973854,110023.63485332919
72,Puerto Rico,2020,6,2,2015,107564.81869847843,105092.12592860148,110037.51146835538
72,Puerto Rico,2025,6,1,2015,91859.50274739815,87667.83219460922,96146.03929301052
72,Puerto Rico,2025,6,2,2015,90990.13943520976,87320.96497688808,94733.54725901593
72,Puerto Rico,2030,6,1,2015,75098.51643080378,69451.97059493011,81037.28223537262
72,Puerto Rico,2030,6,2,2015,73270.49902457868,67874.11766724983,78933.93494914766
72,Puerto Rico,2035,6,1,2015,62008.56223977413,56261.37612154654,68177.99830616855
72,Puerto Rico,2035,6,2,2015,60950.43071641602,54956.6489183386,67411.56028708737
72,Puerto Rico,2040,6,1,2015,47819.08764987714,42241.2840417668,53965.19690437054
72,Puerto Rico,2040,6,2,2015,46968.45595104808,41212.56287954112,53342.18573826942
72,Puerto Rico,2045,6,1,2015,41338.13869503486,34817.03419855398,48873.29161326102
72,Puerto Rico,2045,6,2,2015,40583.93716950393,33953.34348373964,48286.62956004922
72,Puerto Rico,2020,7,1,2015,92788.66552794965,89173.03797501593,96404.29308088336
72,Puerto Rico,2020,7,2,2015,99055.96102475021,96285.97540978114,101825.9466397193
72,Puerto Rico,2025,7,1,2015,89583.17867270387,83761.19850075727,95594.20617383865
72,Puerto Rico,2025,7,2,2015,93451.23920003159,88749.80575465676,98272.81935118102
72,Puerto Rico,2030,7,1,2015,76818.92530365278,70456.82008613515,83536.63569856081
72,Puerto Rico,2030,7,2,2015,79051.32354696468,73742.14396683803,84605.08286721059
72,Puerto Rico,2035,7,1,2015,62802.29210446558,55817.109586695566,70409.36864249906
72,Puerto Rico,2035,7,2,2015,63656.67709481708,57319.37293598625,70494.69064162033
72,Puerto Rico,2040,7,1,2015,51855.616113914075,45216.10214331198,59236.55981087857
72,Puerto Rico,2040,7,2,2015,52953.12490779402,46410.63137064206,60204.23397324217
72,Puerto Rico,2045,7,1,2015,39989.44923930349,33948.44466247797,46887.745219154596
72,Puerto Rico,2045,7,2,2015,40805.725004207445,34803.81539427409,47639.090641936375
72,Puerto Rico,2020,8,1,2015,87227.88777096034,83652.31249342047,90803.46304850021
72,Puerto Rico,2020,8,2,2015,98209.18235778419,94866.84899873636,101551.515716832
72,Puerto Rico,2025,8,1,2015,81387.66682845303,75010.11431892046,88025.21608984462
72,Puerto Rico,2025,8,2,2015,89175.13763651681,83731.44521450669,94788.563864707
72,Puerto Rico,2030,8,1,2015,78576.04005579355,70457.81121410168,87285.5387086274
72,Puerto Rico,2030,8,2,2015,84129.48632019883,77177.90121269588,91480.99988888956
72,Puerto Rico,2035,8,1,2015,67380.1381145013,59266.50307337659,76275.96421058745
72,Puerto Rico,2035,8,2,2015,71165.96098530633,64127.0575624488,78757.86639148426
72,Puerto Rico,2040,8,1,2015,55085.73700008439,46951.94720429729,64289.6668959083
72,Puerto Rico,2040,8,2,2015,57306.92916093421,49845.61785133937,65622.66992369413
72,Puerto Rico,2045,8,1,2015,45484.08562026506,38034.646658287864,54087.95408516481
72,Puerto Rico,2045,8,2,2015,47671.05536189114,40359.24465056437,56043.40607890232
72,Puerto Rico,2020,9,1,2015,94654.33226064412,91988.94280029777,97319.72172099048
72,Puerto Rico,2020,9,2,2015,105837.05885751254,103185.80014495937,108488.31757006572
72,Puerto Rico,2025,9,1,2015,78722.52811726296,73369.70270182291,84257.0890359768
72,Puerto Rico,2025,9,2,2015,89609.55750770718,84391.53508944988,94980.3704226873
72,Puerto Rico,2030,9,1,2015,73451.77160685917,65789.81050454295,81679.13668151268
72,Puerto Rico,2030,9,2,2015,81366.5731905341,74485.71625905394,88655.03231688526
72,Puerto Rico,2035,9,1,2015,70914.29909294118,61797.0801728452,80992.78551301343
72,Puerto Rico,2035,9,2,2015,76762.74113594824,68655.82262996926,85561.49255627875
72,Puerto Rico,2040,9,1,2015,60810.0798129127,51981.416664510354,70776.93396301141
72,Puerto Rico,2040,9,2,2015,64934.35868625366,57046.06915463858,73661.6412936889
72,Puerto Rico,2045,9,1,2015,49714.473096446876,41180.575945487784,59654.775334378675
72,Puerto Rico,2045,9,2,2015,52288.884205640774,44341.60354596206,61376.390627768065
72,Puerto Rico,2020,10,1,2015,96197.2340414886,94222.17679870475,98172.29128427245
72,Puerto Rico,2020,10,2,2015,106532.68214586124,104290.30657539287,108775.05771632961
72,Puerto Rico,2025,10,1,2015,87021.40730652274,82834.60058351026,91308.83613033319
72,Puerto Rico,2025,10,2,2015,98146.81189519666,93674.08366421511,102723.04148007829
72,Puerto Rico,2030,10,1,2015,72374.34378204246,66068.26682887718,79053.00795723031
72,Puerto Rico,2030,10,2,2015,83098.42015320198,76612.2829634989,89932.93240464987
72,Puerto Rico,2035,10,1,2015,67528.62105439861,59242.692759710706,76634.28105457415
72,Puerto Rico,2035,10,2,2015,75454.38091055992,67619.58725752491,83943.73482862345
72,Puerto Rico,2040,10,1,2015,65195.770313296554,55647.30170296318,75990.3218933259
72,Puerto Rico,2040,10,2,2015,71185.06878552404,62327.096015540475,81014.59167047814
72,Puerto Rico,2045,10,1,2015,55906.355233376635,46808.45062560933,66405.44537893125
72,Puerto Rico,2045,10,2,2015,60216.150716121214,51787.53517634332,69747.12119777662
72,Puerto Rico,2020,11,1,2015,97977.24524842053,95378.13297925089,100576.35751759018
72,Puerto Rico,2020,11,2,2015,110808.63372183246,108521.28796011688,113095.97948354803
72,Puerto Rico,2025,11,1,2015,88905.5115118206,84770.12544028892,93137.74222527414
72,Puerto Rico,2025,11,2,2015,99961.39445441421,95837.33490822556,104172.31923829328
72,Puerto Rico,2030,11,1,2015,80425.20979062826,74524.91250825064,86626.26420495077
72,Puerto Rico,2030,11,2,2015,92092.792377706,86081.5815308644,98376.38972435782
72,Puerto Rico,2035,11,1,2015,66888.38944682892,59440.520873037065,74998.94910197142
72,Puerto Rico,2035,11,2,2015,77972.63514026317,70402.6794201504,86127.48493248197
72,Puerto Rico,2040,11,1,2015,62409.971101039184,53299.66540032441,72704.26126464055
72,Puerto Rico,2040,11,2,2015,70800.10548487939,62138.862595734805,80391.71595226131
72,Puerto Rico,2045,11,1,2015,60253.94977168414,50064.951862146314,72093.32612622892
72,Puerto Rico,2045,11,2,2015,66794.13863242176,57275.34006605236,77586.51738403138
72,Puerto Rico,2020,12,1,2015,99231.92670111916,97127.77402576484,101336.07937647347
72,Puerto Rico,2020,12,2,2015,117112.91870097899,114545.1076962497,119680.72970570828
72,Puerto Rico,2025,12,1,2015,90870.15803715047,86583.84891542465,95258.69681940961
72,Puerto Rico,2025,12,2,2015,104030.86756316206,99649.54038885802,108506.36389515115
72,Puerto Rico,2030,12,1,2015,82456.47099965873,76953.9464067754,88213.37507206925
72,Puerto Rico,2030,12,2,2015,93847.11496417678,88002.51595988752,99944.84004372936
72,Puerto Rico,2035,12,1,2015,74591.31459876584,67653.38724394365,82046.17110988806
72,Puerto Rico,2035,12,2,2015,86459.80701663758,79044.30731276594,94384.11861206069
72,Puerto Rico,2040,12,1,2015,62036.43003508304,53959.84297412076,71033.61396866589
72,Puerto Rico,2040,12,2,2015,73203.3290852612,64647.17456118315,82632.29395185971
72,Puerto Rico,2045,12,1,2015,57882.86782983265,48385.20143048224,68860.25058201452
72,Puerto Rico,2045,12,2,2015,66469.51730895854,57058.93483522848,77129.29164330392
72,Puerto Rico,2020,13,1,2015,95454.6306101064,93126.74629993012,97782.51492028267
72,Puerto Rico,2020,13,2,2015,112919.35716434583,110717.33544743397,115121.37888125768
72,Puerto Rico,2025,13,1,2015,92026.92083771649,87878.84317556296,96270.17617745382
72,Puerto Rico,2025,13,2,2015,108860.02218764275,104396.84814511136,113416.28769539211
72,Puerto Rico,2030,13,1,2015,84272.28129292504,78338.95666503021,90496.60872678575
72,Puerto Rico,2030,13,2,2015,96699.85751137187,90820.971274414,102826.8211145976
72,Puerto Rico,2035,13,1,2015,76469.4930503398,69626.05553204367,83803.49044140664
72,Puerto Rico,2035,13,2,2015,87233.7495347654,80205.82877633379,94713.43264653327
72,Puerto Rico,2040,13,1,2015,69175.4078748973,61211.13623307233,77944.5918574605
72,Puerto Rico,2040,13,2,2015,80367.02196964202,72041.2832396902,89443.77575825324
72,Puerto Rico,2045,13,1,2015,57532.10509646123,48821.551055446624,67482.56468339686
72,Puerto Rico,2045,13,2,2015,68044.72228019225,58919.68152468994,78307.07622538277
72,Puerto Rico,2020,14,1,2015,86280.4623435121,84601.8854163374,87959.0392706868
72,Puerto Rico,2020,14,2,2015,105826.79483393299,104369.72004183692,107283.86962602906
72,Puerto Rico,2025,14,1,2015,86823.14261178965,83057.81610051879,90670.85612030257
72,Puerto Rico,2025,14,2,2015,104994.01347283597,101529.12449524958,108515.28360115577
72,Puerto Rico,2030,14,1,2015,83705.38360420805,78377.32000315483,89268.50879196903
72,Puerto Rico,2030,14,2,2015,101219.58646636263,95733.16183416451,106908.03692466415
72,Puerto Rico,2035,14,1,2015,76651.95758603468,69868.89282306508,83914.84915203067
72,Puerto Rico,2035,14,2,2015,89912.89356698593,83283.91992126082,96926.23354142687
72,Puerto Rico,2040,14,1,2015,69554.7367175916,62098.03677194863,77708.51701233753
72,Puerto Rico,2040,14,2,2015,81111.17264517257,73549.70693765729,89278.42164815147
72,Puerto Rico,2045,14,1,2015,62920.21942532171,54592.94454652432,72275.73231702148
72,Puerto Rico,2045,14,2,2015,74726.39235070502,66062.72075896098,84311.15738090953
72,Puerto Rico,2020,15,1,2015,79493.02353483143,79048.91468730953,79937.13238235333
72,Puerto Rico,2020,15,2,2015,99122.60581320358,98596.17312788746,99649.03849851969
72,Puerto Rico,2025,15,1,2015,75386.01272429347,73506.41587432091,77281.99697085662
72,Puerto Rico,2025,15,2,2015,95535.77111838532,93719.99077007377,97365.52326625079
72,Puerto Rico,2030,15,1,2015,75860.16991467471,72164.8500131253,79664.63579109857
72,Puerto Rico,2030,15,2,2015,94783.97277062027,91169.24532109716,98483.09356329101
72,Puerto Rico,2035,15,1,2015,73136.08367506845,68098.19723183241,78432.51453467099
72,Puerto Rico,2035,15,2,2015,91376.58624663696,85964.69397341851,97024.43613212224
72,Puerto Rico,2040,15,1,2015,66973.27868871034,60705.64346475906,73728.71704543901
72,Puerto Rico,2040,15,2,2015,81169.40169913365,74785.75398293031,87965.44606271546
72,Puerto Rico,2045,15,1,2015,60772.20873424685,53953.928963576756,68275.75000990956
72,Puerto Rico,2045,15,2,2015,73223.59556606687,66044.80545292026,81024.67100094463
72,Puerto Rico,2020,16,1,2015,59018.63707970768,58400.4954882266,59636.77867118876
72,Puerto Rico,2020,16,2,2015,76046.4856566005,75518.44330901535,76574.52800418565
72,Puerto Rico,2025,16,1,2015,66151.12244960488,65092.57755767505,67217.40886461071
72,Puerto Rico,2025,16,2,2015,86264.05691353655,85210.10632446308,87324.36988275696
72,Puerto Rico,2030,16,1,2015,62733.42158796004,60528.62452587331,64984.762818567666
72,Puerto Rico,2030,16,2,2015,83142.51960411249,80995.94664680664,85323.28154532639
72,Puerto Rico,2035,16,1,2015,63127.997476088465,59423.916381377756,66988.2723639295
72,Puerto Rico,2035,16,2,2015,82488.2473023802,78791.50722468001,86302.62990090708
72,Puerto Rico,2040,16,1,2015,60861.11474366203,56075.2440736865,65952.20819955683
72,Puerto Rico,2040,16,2,2015,79522.87948723989,74293.56009714198,85024.38032649191
72,Puerto Rico,2045,16,1,2015,55732.65882190458,49987.86916998328,61996.886440731345
72,Puerto Rico,2045,16,2,2015,70639.80845103123,64632.346735962696,77085.81301561062
72,Puerto Rico,2020,17,1,2015,37862.567019354916,37220.70717274498,38504.42686596486
72,Puerto Rico,2020,17,2,2015,52246.57054900802,51231.94656108908,53261.19453692697
72,Puerto Rico,2025,17,1,2015,43586.58621013922,42398.9182591577,44789.73205247953
72,Puerto Rico,2025,17,2,2015,61098.403448641446,59495.8687967539,62717.41580839769
72,Puerto Rico,2030,17,1,2015,48854.086509201035,47257.38800798578,50483.10454371267
72,Puerto Rico,2030,17,2,2015,69307.55717259577,67131.27394977027,71521.94024420004
72,Puerto Rico,2035,17,1,2015,46330.03782530201,43943.94571753453,48806.29334769468
72,Puerto Rico,2035,17,2,2015,66799.60503957536,63811.22284325485,69882.97370272677
72,Puerto Rico,2040,17,1,2015,46621.440961926884,43141.92460577641,50311.01338289495
72,Puerto Rico,2040,17,2,2015,66273.93981374199,62074.49426567332,70685.09680604994
72,Puerto Rico,2045,17,1,2015,44947.29725861265,40710.77942004542,49532.88556738557
72,Puerto Rico,2045,17,2,2015,63891.459708596805,58530.866240136515,69638.16237295594
72,Puerto Rico,2020,18,1,2015,33438.85054406818,31755.453218922812,35122.24786921355
72,Puerto Rico,2020,18,2,2015,56763.00154927169,54542.82976695823,58983.17333158516
72,Puerto Rico,2025,18,1,2015,39245.41489141926,36054.27367886693,42565.41874892841
72,Puerto Rico,2025,18,2,2015,65695.3169182921,61252.554666186435,70290.57847584254
72,Puerto Rico,2030,18,1,2015,45592.02832994971,41007.97778613237,50502.19349321138
72,Puerto Rico,2030,18,2,2015,76413.04779405202,69923.56463209476,83293.34502647715
72,Puerto Rico,2035,18,1,2015,51984.61809609991,46136.86289054235,58382.1218856869
72,Puerto Rico,2035,18,2,2015,87819.45603986323,79366.36014681916,96949.6836698853
72,Puerto Rico,2040,18,1,2015,54113.923585186436,47085.80628911846,61968.29879732376
72,Puerto Rico,2040,18,2,2015,93182.1676179461,82911.94775844207,104475.29990208664
72,Puerto Rico,2045,18,1,2015,55446.319456036785,47162.603494245304,64911.473416158304
72,Puerto Rico,2045,18,2,2015,96097.24458726955,83959.43035034489,109690.36437619694
72,Puerto Rico,2000,1,1,2017,148240,148240,148240
72,Puerto Rico,2001,1,1,2017,144817,144817,144817
72,Puerto Rico,2002,1,1,2017,140687,140687,140687
72,Puerto Rico,2003,1,1,2017,136835,136835,136835
72,Puerto Rico,2004,1,1,2017,132832,132832,132832
72,Puerto Rico,2005,1,1,2017,128055,128055,128055
72,Puerto Rico,2006,1,1,2017,123906,123906,123906
72,Puerto Rico,2007,1,1,2017,120634,120634,120634
72,Puerto Rico,2008,1,1,2017,117558,117558,117558
72,Puerto Rico,2000,1,2,2017,141297,141297,141297
72,Puerto Rico,2001,1,2,2017,138315,138315,138315
72,Puerto Rico,2002,1,2,2017,134395,134395,134395
72,Puerto Rico,2003,1,2,2017,130757,130757,130757
72,Puerto Rico,2004,1,2,2017,126749,126749,126749
72,Puerto Rico,2005,1,2,2017,122031,122031,122031
72,Puerto Rico,2006,1,2,2017,117938,117938,117938
72,Puerto Rico,2007,1,2,2017,114618,114618,114618
72,Puerto Rico,2008,1,2,2017,111675,111675,111675
72,Puerto Rico,2000,2,1,2017,154434,154434,154434
72,Puerto Rico,2001,2,1,2017,153068,153068,153068
72,Puerto Rico,2002,2,1,2017,151033,151033,151033
72,Puerto Rico,2003,2,1,2017,148436,148436,148436
72,Puerto Rico,2004,2,1,2017,145120,145120,145120
72,Puerto Rico,2005,2,1,2017,141665,141665,141665
72,Puerto Rico,2006,2,1,2017,136972,136972,136972
72,Puerto Rico,2007,2,1,2017,131685,131685,131685
72,Puerto Rico,2008,2,1,2017,126784,126784,126784
72,Puerto Rico,2000,2,2,2017,147490,147490,147490
72,Puerto Rico,2001,2,2,2017,146053,146053,146053
72,Puerto Rico,2002,2,2,2017,143775,143775,143775
72,Puerto Rico,2003,2,2,2017,141231,141231,141231
72,Puerto Rico,2004,2,2,2017,138521,138521,138521
72,Puerto Rico,2005,2,2,2017,135139,135139,135139
72,Puerto Rico,2006,2,2,2017,130746,130746,130746
72,Puerto Rico,2007,2,2,2017,125388,125388,125388
72,Puerto Rico,2008,2,2,2017,120411,120411,120411
72,Puerto Rico,2000,3,1,2017,155920,155920,155920
72,Puerto Rico,2001,3,1,2017,155133,155133,155133
72,Puerto Rico,2002,3,1,2017,154464,154464,154464
72,Puerto Rico,2003,3,1,2017,153129,153129,153129
72,Puerto Rico,2004,3,1,2017,150573,150573,150573
72,Puerto Rico,2005,3,1,2017,148428,148428,148428
72,Puerto Rico,2006,3,1,2017,146162,146162,146162
72,Puerto Rico,2007,3,1,2017,143369,143369,143369
72,Puerto Rico,2008,3,1,2017,140100,140100,140100
72,Puerto Rico,2000,3,2,2017,149415,149415,149415
72,Puerto Rico,2001,3,2,2017,148576,148576,148576
72,Puerto Rico,2002,3,2,2017,148149,148149,148149
72,Puerto Rico,2003,3,2,2017,147116,147116,147116
72,Puerto Rico,2004,3,2,2017,144528,144528,144528
72,Puerto Rico,2005,3,2,2017,142671,142671,142671
72,Puerto Rico,2006,3,2,2017,140297,140297,140297
72,Puerto Rico,2007,3,2,2017,137116,137116,137116
72,Puerto Rico,2008,3,2,2017,133685,133685,133685
72,Puerto Rico,2000,4,1,2017,156319,156319,156319
72,Puerto Rico,2001,4,1,2017,153914,153914,153914
72,Puerto Rico,2002,4,1,2017,151565,151565,151565
72,Puerto Rico,2003,4,1,2017,150891,150891,150891
72,Puerto Rico,2004,4,1,2017,151692,151692,151692
72,Puerto Rico,2005,4,1,2017,151162,151162,151162
72,Puerto Rico,2006,4,1,2017,149682,149682,149682
72,Puerto Rico,2007,4,1,2017,148630,148630,148630
72,Puerto Rico,2008,4,1,2017,146908,146908,146908
72,Puerto Rico,2000,4,2,2017,150684,150684,150684
72,Puerto Rico,2001,4,2,2017,148106,148106,148106
72,Puerto Rico,2002,4,2,2017,146417,146417,146417
72,Puerto Rico,2003,4,2,2017,145877,145877,145877
72,Puerto Rico,2004,4,2,2017,146684,146684,146684
72,Puerto Rico,2005,4,2,2017,145798,145798,145798
72,Puerto Rico,2006,4,2,2017,144224,144224,144224
72,Puerto Rico,2007,4,2,2017,143143,143143,143143
72,Puerto Rico,2008,4,2,2017,141571,141571,141571
72,Puerto Rico,2000,5,1,2017,151469,151469,151469
72,Puerto Rico,2001,5,1,2017,152118,152118,152118
72,Puerto Rico,2002,5,1,2017,152002,152002,152002
72,Puerto Rico,2003,5,1,2017,149970,149970,149970
72,Puerto Rico,2004,5,1,2017,146244,146244,146244
72,Puerto Rico,2005,5,1,2017,141992,141992,141992
72,Puerto Rico,2006,5,1,2017,137448,137448,137448
72,Puerto Rico,2007,5,1,2017,133291,133291,133291
72,Puerto Rico,2008,5,1,2017,131059,131059,131059
72,Puerto Rico,2000,5,2,2017,153178,153178,153178
72,Puerto Rico,2001,5,2,2017,153016,153016,153016
72,Puerto Rico,2002,5,2,2017,151466,151466,151466
72,Puerto Rico,2003,5,2,2017,148818,148818,148818
72,Puerto Rico,2004,5,2,2017,144548,144548,144548
72,Puerto Rico,2005,5,2,2017,140188,140188,140188
72,Puerto Rico,2006,5,2,2017,135878,135878,135878
72,Puerto Rico,2007,5,2,2017,132582,132582,132582
72,Puerto Rico,2008,5,2,2017,130543,130543,130543
72,Puerto Rico,2000,6,1,2017,129839,129839,129839
72,Puerto Rico,2001,6,1,2017,128954,128954,128954
72,Puerto Rico,2002,6,1,2017,129145,129145,129145
72,Puerto Rico,2003,6,1,2017,129921,129921,129921
72,Puerto Rico,2004,6,1,2017,130496,130496,130496
72,Puerto Rico,2005,6,1,2017,129801,129801,129801
72,Puerto Rico,2006,6,1,2017,128042,128042,128042
72,Puerto Rico,2007,6,1,2017,125789,125789,125789
72,Puerto Rico,2008,6,1,2017,122189,122189,122189
72,Puerto Rico,2000,6,2,2017,136155,136155,136155
72,Puerto Rico,2001,6,2,2017,135987,135987,135987
72,Puerto Rico,2002,6,2,2017,137057,137057,137057
72,Puerto Rico,2003,6,2,2017,138041,138041,138041
72,Puerto Rico,2004,6,2,2017,138773,138773,138773
72,Puerto Rico,2005,6,2,2017,138193,138193,138193
72,Puerto Rico,2006,6,2,2017,136302,136302,136302
72,Puerto Rico,2007,6,2,2017,133184,133184,133184
72,Puerto Rico,2008,6,2,2017,129304,129304,129304
72,Puerto Rico,2000,7,1,2017,124544,124544,124544
72,Puerto Rico,2001,7,1,2017,123900,123900,123900
72,Puerto Rico,2002,7,1,2017,123245,123245,123245
72,Puerto Rico,2003,7,1,2017,122186,122186,122186
72,Puerto Rico,2004,7,1,2017,120606,120606,120606
72,Puerto Rico,2005,7,1,2017,118482,118482,118482
72,Puerto Rico,2006,7,1,2017,117625,117625,117625
72,Puerto Rico,2007,7,1,2017,117901,117901,117901
72,Puerto Rico,2008,7,1,2017,118875,118875,118875
72,Puerto Rico,2000,7,2,2017,133828,133828,133828
72,Puerto Rico,2001,7,2,2017,132423,132423,132423
72,Puerto Rico,2002,7,2,2017,131153,131153,131153
72,Puerto Rico,2003,7,2,2017,130158,130158,130158
72,Puerto Rico,2004,7,2,2017,128745,128745,128745
72,Puerto Rico,2005,7,2,2017,126837,126837,126837
72,Puerto Rico,2006,7,2,2017,126329,126329,126329
72,Puerto Rico,2007,7,2,2017,126989,126989,126989
72,Puerto Rico,2008,7,2,2017,127751,127751,127751
72,Puerto Rico,2000,8,1,2017,124760,124760,124760
72,Puerto Rico,2001,8,1,2017,124086,124086,124086
72,Puerto Rico,2002,8,1,2017,122485,122485,122485
72,Puerto Rico,2003,8,1,2017,120893,120893,120893
72,Puerto Rico,2004,8,1,2017,119731,119731,119731
72,Puerto Rico,2005,8,1,2017,118851,118851,118851
72,Puerto Rico,2006,8,1,2017,118386,118386,118386
72,Puerto Rico,2007,8,1,2017,117889,117889,117889
72,Puerto Rico,2008,8,1,2017,116878,116878,116878
72,Puerto Rico,2000,8,2,2017,140452,140452,140452
72,Puerto Rico,2001,8,2,2017,139265,139265,139265
72,Puerto Rico,2002,8,2,2017,136692,136692,136692
72,Puerto Rico,2003,8,2,2017,133902,133902,133902
72,Puerto Rico,2004,8,2,2017,131661,131661,131661
72,Puerto Rico,2005,8,2,2017,129689,129689,129689
72,Puerto Rico,2006,8,2,2017,128330,128330,128330
72,Puerto Rico,2007,8,2,2017,127024,127024,127024
72,Puerto Rico,2008,8,2,2017,126064,126064,126064
72,Puerto Rico,2000,9,1,2017,117338,117338,117338
72,Puerto Rico,2001,9,1,2017,117507,117507,117507
72,Puerto Rico,2002,9,1,2017,118339,118339,118339
72,Puerto Rico,2003,9,1,2017,119781,119781,119781
72,Puerto Rico,2004,9,1,2017,120363,120363,120363
72,Puerto Rico,2005,9,1,2017,120495,120495,120495
72,Puerto Rico,2006,9,1,2017,119571,119571,119571
72,Puerto Rico,2007,9,1,2017,117762,117762,117762
72,Puerto Rico,2008,9,1,2017,115863,115863,115863
72,Puerto Rico,2000,9,2,2017,135437,135437,135437
72,Puerto Rico,2001,9,2,2017,135501,135501,135501
72,Puerto Rico,2002,9,2,2017,136447,136447,136447
72,Puerto Rico,2003,9,2,2017,137364,137364,137364
72,Puerto Rico,2004,9,2,2017,137350,137350,137350
72,Puerto Rico,2005,9,2,2017,137036,137036,137036
72,Puerto Rico,2006,9,2,2017,135417,135417,135417
72,Puerto Rico,2007,9,2,2017,132379,132379,132379
72,Puerto Rico,2008,9,2,2017,129131,129131,129131
72,Puerto Rico,2000,10,1,2017,108550,108550,108550
72,Puerto Rico,2001,10,1,2017,110081,110081,110081
72,Puerto Rico,2002,10,1,2017,111316,111316,111316
72,Puerto Rico,2003,10,1,2017,112136,112136,112136
72,Puerto Rico,2004,10,1,2017,112946,112946,112946
72,Puerto Rico,2005,10,1,2017,113576,113576,113576
72,Puerto Rico,2006,10,1,2017,113488,113488,113488
72,Puerto Rico,2007,10,1,2017,114012,114012,114012
72,Puerto Rico,2008,10,1,2017,115135,115135,115135
72,Puerto Rico,2000,10,2,2017,127229,127229,127229
72,Puerto Rico,2001,10,2,2017,128922,128922,128922
72,Puerto Rico,2002,10,2,2017,130046,130046,130046
72,Puerto Rico,2003,10,2,2017,130966,130966,130966
72,Puerto Rico,2004,10,2,2017,131812,131812,131812
72,Puerto Rico,2005,10,2,2017,132160,132160,132160
72,Puerto Rico,2006,10,2,2017,131810,131810,131810
72,Puerto Rico,2007,10,2,2017,132264,132264,132264
72,Puerto Rico,2008,10,2,2017,132739,132739,132739
72,Puerto Rico,2000,11,1,2017,106234,106234,106234
72,Puerto Rico,2001,11,1,2017,105400,105400,105400
72,Puerto Rico,2002,11,1,2017,104889,104889,104889
72,Puerto Rico,2003,11,1,2017,105088,105088,105088
72,Puerto Rico,2004,11,1,2017,105484,105484,105484
72,Puerto Rico,2005,11,1,2017,106311,106311,106311
72,Puerto Rico,2006,11,1,2017,107826,107826,107826
72,Puerto Rico,2007,11,1,2017,109082,109082,109082
72,Puerto Rico,2008,11,1,2017,109888,109888,109888
72,Puerto Rico,2000,11,2,2017,123915,123915,123915
72,Puerto Rico,2001,11,2,2017,123273,123273,123273
72,Puerto Rico,2002,11,2,2017,122955,122955,122955
72,Puerto Rico,2003,11,2,2017,123251,123251,123251
72,Puerto Rico,2004,11,2,2017,123663,123663,123663
72,Puerto Rico,2005,11,2,2017,125112,125112,125112
72,Puerto Rico,2006,11,2,2017,126725,126725,126725
72,Puerto Rico,2007,11,2,2017,127731,127731,127731
72,Puerto Rico,2008,11,2,2017,128567,128567,128567
72,Puerto Rico,2000,12,1,2017,92071,92071,92071
72,Puerto Rico,2001,12,1,2017,95852,95852,95852
72,Puerto Rico,2002,12,1,2017,98839,98839,98839
72,Puerto Rico,2003,12,1,2017,101231,101231,101231
72,Puerto Rico,2004,12,1,2017,103423,103423,103423
72,Puerto Rico,2005,12,1,2017,103417,103417,103417
72,Puerto Rico,2006,12,1,2017,102475,102475,102475
72,Puerto Rico,2007,12,1,2017,101846,101846,101846
72,Puerto Rico,2008,12,1,2017,101947,101947,101947
72,Puerto Rico,2000,12,2,2017,107988,107988,107988
72,Puerto Rico,2001,12,2,2017,112447,112447,112447
72,Puerto Rico,2002,12,2,2017,116070,116070,116070
72,Puerto Rico,2003,12,2,2017,119032,119032,119032
72,Puerto Rico,2004,12,2,2017,121822,121822,121822
72,Puerto Rico,2005,12,2,2017,121827,121827,121827
72,Puerto Rico,2006,12,2,2017,121135,121135,121135
72,Puerto Rico,2007,12,2,2017,120788,120788,120788
72,Puerto Rico,2008,12,2,2017,121026,121026,121026
72,Puerto Rico,2000,13,1,2017,75636,75636,75636
72,Puerto Rico,2001,13,1,2017,77521,77521,77521
72,Puerto Rico,2002,13,1,2017,79818,79818,79818
72,Puerto Rico,2003,13,1,2017,82224,82224,82224
72,Puerto Rico,2004,13,1,2017,85146,85146,85146
72,Puerto Rico,2005,13,1,2017,89106,89106,89106
72,Puerto Rico,2006,13,1,2017,92856,92856,92856
72,Puerto Rico,2007,13,1,2017,95819,95819,95819
72,Puerto Rico,2008,13,1,2017,98310,98310,98310
72,Puerto Rico,2000,13,2,2017,88472,88472,88472
72,Puerto Rico,2001,13,2,2017,91207,91207,91207
72,Puerto Rico,2002,13,2,2017,94276,94276,94276
72,Puerto Rico,2003,13,2,2017,97146,97146,97146
72,Puerto Rico,2004,13,2,2017,100220,100220,100220
72,Puerto Rico,2005,13,2,2017,105019,105019,105019
72,Puerto Rico,2006,13,2,2017,109314,109314,109314
72,Puerto Rico,2007,13,2,2017,112832,112832,112832
72,Puerto Rico,2008,13,2,2017,115798,115798,115798
72,Puerto Rico,2000,14,1,2017,63339,63339,63339
72,Puerto Rico,2001,14,1,2017,65271,65271,65271
72,Puerto Rico,2002,14,1,2017,67270,67270,67270
72,Puerto Rico,2003,14,1,2017,69506,69506,69506
72,Puerto Rico,2004,14,1,2017,70519,70519,70519
72,Puerto Rico,2005,14,1,2017,71626,71626,71626
72,Puerto Rico,2006,14,1,2017,73438,73438,73438
72,Puerto Rico,2007,14,1,2017,75619,75619,75619
72,Puerto Rico,2008,14,1,2017,77970,77970,77970
72,Puerto Rico,2000,14,2,2017,75394,75394,75394
72,Puerto Rico,2001,14,2,2017,76999,76999,76999
72,Puerto Rico,2002,14,2,2017,79075,79075,79075
72,Puerto Rico,2003,14,2,2017,81385,81385,81385
72,Puerto Rico,2004,14,2,2017,83089,83089,83089
72,Puerto Rico,2005,14,2,2017,84754,84754,84754
72,Puerto Rico,2006,14,2,2017,87245,87245,87245
72,Puerto Rico,2007,14,2,2017,90107,90107,90107
72,Puerto Rico,2008,14,2,2017,92882,92882,92882
72,Puerto Rico,2000,15,1,2017,48960,48960,48960
72,Puerto Rico,2001,15,1,2017,50030,50030,50030
72,Puerto Rico,2002,15,1,2017,51266,51266,51266
72,Puerto Rico,2003,15,1,2017,52275,52275,52275
72,Puerto Rico,2004,15,1,2017,54682,54682,54682
72,Puerto Rico,2005,15,1,2017,56296,56296,56296
72,Puerto Rico,2006,15,1,2017,57865,57865,57865
72,Puerto Rico,2007,15,1,2017,59460,59460,59460
72,Puerto Rico,2008,15,1,2017,61201,61201,61201
72,Puerto Rico,2000,15,2,2017,60814,60814,60814
72,Puerto Rico,2001,15,2,2017,62309,62309,62309
72,Puerto Rico,2002,15,2,2017,63556,63556,63556
72,Puerto Rico,2003,15,2,2017,64683,64683,64683
72,Puerto Rico,2004,15,2,2017,67528,67528,67528
72,Puerto Rico,2005,15,2,2017,68829,68829,68829
72,Puerto Rico,2006,15,2,2017,70053,70053,70053
72,Puerto Rico,2007,15,2,2017,71642,71642,71642
72,Puerto Rico,2008,15,2,2017,73458,73458,73458
72,Puerto Rico,2000,16,1,2017,36640,36640,36640
72,Puerto Rico,2001,16,1,2017,37247,37247,37247
72,Puerto Rico,2002,16,1,2017,37905,37905,37905
72,Puerto Rico,2003,16,1,2017,38493,38493,38493
72,Puerto Rico,2004,16,1,2017,38658,38658,38658
72,Puerto Rico,2005,16,1,2017,39637,39637,39637
72,Puerto Rico,2006,16,1,2017,40479,40479,40479
72,Puerto Rico,2007,16,1,2017,41463,41463,41463
72,Puerto Rico,2008,16,1,2017,42200,42200,42200
72,Puerto Rico,2000,16,2,2017,48505,48505,48505
72,Puerto Rico,2001,16,2,2017,49465,49465,49465
72,Puerto Rico,2002,16,2,2017,50399,50399,50399
72,Puerto Rico,2003,16,2,2017,51324,51324,51324
72,Puerto Rico,2004,16,2,2017,51252,51252,51252
72,Puerto Rico,2005,16,2,2017,52346,52346,52346
72,Puerto Rico,2006,16,2,2017,53486,53486,53486
72,Puerto Rico,2007,16,2,2017,54428,54428,54428
72,Puerto Rico,2008,16,2,2017,55303,55303,55303
72,Puerto Rico,2000,17,1,2017,23497,23497,23497
72,Puerto Rico,2001,17,1,2017,24284,24284,24284
72,Puerto Rico,2002,17,1,2017,24931,24931,24931
72,Puerto Rico,2003,17,1,2017,25374,25374,25374
72,Puerto Rico,2004,17,1,2017,25776,25776,25776
72,Puerto Rico,2005,17,1,2017,26126,26126,26126
72,Puerto Rico,2006,17,1,2017,26554,26554,26554
72,Puerto Rico,2007,17,1,2017,27001,27001,27001
72,Puerto Rico,2008,17,1,2017,27454,27454,27454
72,Puerto Rico,2000,17,2,2017,32088,32088,32088
72,Puerto Rico,2001,17,2,2017,33410,33410,33410
72,Puerto Rico,2002,17,2,2017,34689,34689,34689
72,Puerto Rico,2003,17,2,2017,35844,35844,35844
72,Puerto Rico,2004,17,2,2017,36873,36873,36873
72,Puerto Rico,2005,17,2,2017,37661,37661,37661
72,Puerto Rico,2006,17,2,2017,38296,38296,38296
72,Puerto Rico,2007,17,2,2017,38829,38829,38829
72,Puerto Rico,2008,17,2,2017,39461,39461,39461
72,Puerto Rico,2000,18,1,2017,19252,19252,19252
72,Puerto Rico,2001,18,1,2017,19307,19307,19307
72,Puerto Rico,2002,18,1,2017,19532,19532,19532
72,Puerto Rico,2003,18,1,2017,19915,19915,19915
72,Puerto Rico,2004,18,1,2017,20427,20427,20427
72,Puerto Rico,2005,18,1,2017,20932,20932,20932
72,Puerto Rico,2006,18,1,2017,21513,21513,21513
72,Puerto Rico,2007,18,1,2017,22089,22089,22089
72,Puerto Rico,2008,18,1,2017,22730,22730,22730
72,Puerto Rico,2000,18,2,2017,29391,29391,29391
72,Puerto Rico,2001,18,2,2017,29937,29937,29937
72,Puerto Rico,2002,18,2,2017,30747,30747,30747
72,Puerto Rico,2003,18,2,2017,31699,31699,31699
72,Puerto Rico,2004,18,2,2017,32826,32826,32826
72,Puerto Rico,2005,18,2,2017,33966,33966,33966
72,Puerto Rico,2006,18,2,2017,35182,35182,35182
72,Puerto Rico,2007,18,2,2017,36481,36481,36481
72,Puerto Rico,2008,18,2,2017,37992,37992,37992
72,Puerto Rico,2010,1,1,2017,113948,113948,113948
72,Puerto Rico,2010,2,1,2017,122270,122270,122270
72,Puerto Rico,2010,3,1,2017,136801,136801,136801
72,Puerto Rico,2010,4,1,2017,144217,144217,144217
72,Puerto Rico,2010,5,1,2017,131268,131268,131268
72,Puerto Rico,2010,6,1,2017,117769,117769,117769
72,Puerto Rico,2010,7,1,2017,119411,119411,119411
72,Puerto Rico,2010,8,1,2017,115433,115433,115433
72,Puerto Rico,2010,9,1,2017,114787,114787,114787
72,Puerto Rico,2010,10,1,2017,115450,115450,115450
72,Puerto Rico,2010,11,1,2017,110657,110657,110657
72,Puerto Rico,2010,12,1,2017,102341,102341,102341
72,Puerto Rico,2010,13,1,2017,99948,99948,99948
72,Puerto Rico,2010,14,1,2017,81028,81028,81028
72,Puerto Rico,2010,15,1,2017,62033,62033,62033
72,Puerto Rico,2010,16,1,2017,43976,43976,43976
72,Puerto Rico,2010,17,1,2017,27843,27843,27843
72,Puerto Rico,2010,18,1,2017,23602,23602,23602
72,Puerto Rico,2010,1,2,2017,108371,108371,108371
72,Puerto Rico,2010,2,2,2017,115784,115784,115784
72,Puerto Rico,2010,3,2,2017,130668,130668,130668
72,Puerto Rico,2010,4,2,2017,138682,138682,138682
72,Puerto Rico,2010,5,2,2017,130897,130897,130897
72,Puerto Rico,2010,6,2,2017,124700,124700,124700
72,Puerto Rico,2010,7,2,2017,128372,128372,128372
72,Puerto Rico,2010,8,2,2017,124848,124848,124848
72,Puerto Rico,2010,9,2,2017,126901,126901,126901
72,Puerto Rico,2010,10,2,2017,132380,132380,132380
72,Puerto Rico,2010,11,2,2017,129118,129118,129118
72,Puerto Rico,2010,12,2,2017,121649,121649,121649
72,Puerto Rico,2010,13,2,2017,117971,117971,117971
72,Puerto Rico,2010,14,2,2017,96386,96386,96386
72,Puerto Rico,2010,15,2,2017,74983,74983,74983
72,Puerto Rico,2010,16,2,2017,57523,57523,57523
72,Puerto Rico,2010,17,2,2017,39724,39724,39724
72,Puerto Rico,2010,18,2,2017,39786,39786,39786
72,Puerto Rico,2011,1,1,2017,109273,109273,109273
72,Puerto Rico,2011,2,1,2017,117830,117830,117830
72,Puerto Rico,2011,3,1,2017,133296,133296,133296
72,Puerto Rico,2011,4,1,2017,140690,140690,140690
72,Puerto Rico,2011,5,1,2017,132905,132905,132905
72,Puerto Rico,2011,6,1,2017,114401,114401,114401
72,Puerto Rico,2011,7,1,2017,117297,117297,117297
72,Puerto Rico,2011,8,1,2017,112635,112635,112635
72,Puerto Rico,2011,9,1,2017,113428,113428,113428
72,Puerto Rico,2011,10,1,2017,114768,114768,114768
72,Puerto Rico,2011,11,1,2017,110266,110266,110266
72,Puerto Rico,2011,12,1,2017,102603,102603,102603
72,Puerto Rico,2011,13,1,2017,98590,98590,98590
72,Puerto Rico,2011,14,1,2017,84114,84114,84114
72,Puerto Rico,2011,15,1,2017,63207,63207,63207
72,Puerto Rico,2011,16,1,2017,45248,45248,45248
72,Puerto Rico,2011,17,1,2017,28641,28641,28641
72,Puerto Rico,2011,18,1,2017,24249,24249,24249
72,Puerto Rico,2011,1,2,2017,104188,104188,104188
72,Puerto Rico,2011,2,2,2017,111079,111079,111079
72,Puerto Rico,2011,3,2,2017,126549,126549,126549
72,Puerto Rico,2011,4,2,2017,134268,134268,134268
72,Puerto Rico,2011,5,2,2017,131188,131188,131188
72,Puerto Rico,2011,6,2,2017,119589,119589,119589
72,Puerto Rico,2011,7,2,2017,126267,126267,126267
72,Puerto Rico,2011,8,2,2017,121968,121968,121968
72,Puerto Rico,2011,9,2,2017,124337,124337,124337
72,Puerto Rico,2011,10,2,2017,131004,131004,131004
72,Puerto Rico,2011,11,2,2017,127952,127952,127952
72,Puerto Rico,2011,12,2,2017,122116,122116,122116
72,Puerto Rico,2011,13,2,2017,117001,117001,117001
72,Puerto Rico,2011,14,2,2017,100410,100410,100410
72,Puerto Rico,2011,15,2,2017,76738,76738,76738
72,Puerto Rico,2011,16,2,2017,58772,58772,58772
72,Puerto Rico,2011,17,2,2017,40698,40698,40698
72,Puerto Rico,2011,18,2,2017,41167,41167,41167
72,Puerto Rico,2012,1,1,2017,104437,104437,104437
72,Puerto Rico,2012,2,1,2017,114141,114141,114141
72,Puerto Rico,2012,3,1,2017,128131,128131,128131
72,Puerto Rico,2012,4,1,2017,137024,137024,137024
72,Puerto Rico,2012,5,1,2017,132933,132933,132933
72,Puerto Rico,2012,6,1,2017,111481,111481,111481
72,Puerto Rico,2012,7,1,2017,113719,113719,113719
72,Puerto Rico,2012,8,1,2017,110466,110466,110466
72,Puerto Rico,2012,9,1,2017,111927,111927,111927
72,Puerto Rico,2012,10,1,2017,113163,113163,113163
72,Puerto Rico,2012,11,1,2017,109195,109195,109195
72,Puerto Rico,2012,12,1,2017,103170,103170,103170
72,Puerto Rico,2012,13,1,2017,96402,96402,96402
72,Puerto Rico,2012,14,1,2017,86887,86887,86887
72,Puerto Rico,2012,15,1,2017,64756,64756,64756
72,Puerto Rico,2012,16,1,2017,46606,46606,46606
72,Puerto Rico,2012,17,1,2017,29307,29307,29307
72,Puerto Rico,2012,18,1,2017,25327,25327,25327
72,Puerto Rico,2012,1,2,2017,100050,100050,100050
72,Puerto Rico,2012,2,2,2017,107838,107838,107838
72,Puerto Rico,2012,3,2,2017,121438,121438,121438
72,Puerto Rico,2012,4,2,2017,130895,130895,130895
72,Puerto Rico,2012,5,2,2017,130792,130792,130792
72,Puerto Rico,2012,6,2,2017,116166,116166,116166
72,Puerto Rico,2012,7,2,2017,123796,123796,123796
72,Puerto Rico,2012,8,2,2017,120311,120311,120311
72,Puerto Rico,2012,9,2,2017,122137,122137,122137
72,Puerto Rico,2012,10,2,2017,128847,128847,128847
72,Puerto Rico,2012,11,2,2017,126822,126822,126822
72,Puerto Rico,2012,12,2,2017,122668,122668,122668
72,Puerto Rico,2012,13,2,2017,115460,115460,115460
72,Puerto Rico,2012,14,2,2017,104153,104153,104153
72,Puerto Rico,2012,15,2,2017,79336,79336,79336
72,Puerto Rico,2012,16,2,2017,60221,60221,60221
72,Puerto Rico,2012,17,2,2017,41769,41769,41769
72,Puerto Rico,2012,18,2,2017,42717,42717,42717
72,Puerto Rico,2013,1,1,2017,100224,100224,100224
72,Puerto Rico,2013,2,1,2017,110739,110739,110739
72,Puerto Rico,2013,3,1,2017,123213,123213,123213
72,Puerto Rico,2013,4,1,2017,133352,133352,133352
72,Puerto Rico,2013,5,1,2017,132712,132712,132712
72,Puerto Rico,2013,6,1,2017,110260,110260,110260
72,Puerto Rico,2013,7,1,2017,110260,110260,110260
72,Puerto Rico,2013,8,1,2017,109153,109153,109153
72,Puerto Rico,2013,9,1,2017,110515,110515,110515
72,Puerto Rico,2013,10,1,2017,111031,111031,111031
72,Puerto Rico,2013,11,1,2017,108981,108981,108981
72,Puerto Rico,2013,12,1,2017,103584,103584,103584
72,Puerto Rico,2013,13,1,2017,95392,95392,95392
72,Puerto Rico,2013,14,1,2017,89338,89338,89338
72,Puerto Rico,2013,15,1,2017,66940,66940,66940
72,Puerto Rico,2013,16,1,2017,48182,48182,48182
72,Puerto Rico,2013,17,1,2017,30073,30073,30073
72,Puerto Rico,2013,18,1,2017,26331,26331,26331
72,Puerto Rico,2013,1,2,2017,95374,95374,95374
72,Puerto Rico,2013,2,2,2017,104618,104618,104618
72,Puerto Rico,2013,3,2,2017,115764,115764,115764
72,Puerto Rico,2013,4,2,2017,127075,127075,127075
72,Puerto Rico,2013,5,2,2017,129937,129937,129937
72,Puerto Rico,2013,6,2,2017,114137,114137,114137
72,Puerto Rico,2013,7,2,2017,119756,119756,119756
72,Puerto Rico,2013,8,2,2017,119382,119382,119382
72,Puerto Rico,2013,9,2,2017,119871,119871,119871
72,Puerto Rico,2013,10,2,2017,125230,125230,125230
72,Puerto Rico,2013,11,2,2017,126616,126616,126616
72,Puerto Rico,2013,12,2,2017,122475,122475,122475
72,Puerto Rico,2013,13,2,2017,114316,114316,114316
72,Puerto Rico,2013,14,2,2017,106926,106926,106926
72,Puerto Rico,2013,15,2,2017,82119,82119,82119
72,Puerto Rico,2013,16,2,2017,61768,61768,61768
72,Puerto Rico,2013,17,2,2017,42877,42877,42877
72,Puerto Rico,2013,18,2,2017,44556,44556,44556
72,Puerto Rico,2014,1,1,2017,94603,94603,94603
72,Puerto Rico,2014,2,1,2017,106482,106482,106482
72,Puerto Rico,2014,3,1,2017,117799,117799,117799
72,Puerto Rico,2014,4,1,2017,128155,128155,128155
72,Puerto Rico,2014,5,1,2017,130029,130029,130029
72,Puerto Rico,2014,6,1,2017,109938,109938,109938
72,Puerto Rico,2014,7,1,2017,105318,105318,105318
72,Puerto Rico,2014,8,1,2017,106733,106733,106733
72,Puerto Rico,2014,9,1,2017,107700,107700,107700
72,Puerto Rico,2014,10,1,2017,108221,108221,108221
72,Puerto Rico,2014,11,1,2017,108207,108207,108207
72,Puerto Rico,2014,12,1,2017,103212,103212,103212
72,Puerto Rico,2014,13,1,2017,94960,94960,94960
72,Puerto Rico,2014,14,1,2017,90420,90420,90420
72,Puerto Rico,2014,15,1,2017,68737,68737,68737
72,Puerto Rico,2014,16,1,2017,49974,49974,49974
72,Puerto Rico,2014,17,1,2017,31104,31104,31104
72,Puerto Rico,2014,18,1,2017,27294,27294,27294
72,Puerto Rico,2014,1,2,2017,89995,89995,89995
72,Puerto Rico,2014,2,2,2017,101168,101168,101168
72,Puerto Rico,2014,3,2,2017,110854,110854,110854
72,Puerto Rico,2014,4,2,2017,122069,122069,122069
72,Puerto Rico,2014,5,2,2017,127878,127878,127878
72,Puerto Rico,2014,6,2,2017,113128,113128,113128
72,Puerto Rico,2014,7,2,2017,115191,115191,115191
72,Puerto Rico,2014,8,2,2017,117319,117319,117319
72,Puerto Rico,2014,9,2,2017,117782,117782,117782
72,Puerto Rico,2014,10,2,2017,121145,121145,121145
72,Puerto Rico,2014,11,2,2017,126263,126263,126263
72,Puerto Rico,2014,12,2,2017,121840,121840,121840
72,Puerto Rico,2014,13,2,2017,114109,114109,114109
72,Puerto Rico,2014,14,2,2017,108463,108463,108463
72,Puerto Rico,2014,15,2,2017,84677,84677,84677
72,Puerto Rico,2014,16,2,2017,63415,63415,63415
72,Puerto Rico,2014,17,2,2017,44266,44266,44266
72,Puerto Rico,2014,18,2,2017,46426,46426,46426
72,Puerto Rico,2015,1,1,2017,88331,88331,88331
72,Puerto Rico,2015,2,1,2017,101705,101705,101705
72,Puerto Rico,2015,3,1,2017,111725,111725,111725
72,Puerto Rico,2015,4,1,2017,124020,124020,124020
72,Puerto Rico,2015,5,1,2017,125921,125921,125921
72,Puerto Rico,2015,6,1,2017,110956,110956,110956
72,Puerto Rico,2015,7,1,2017,99447,99447,99447
72,Puerto Rico,2015,8,1,2017,104881,104881,104881
72,Puerto Rico,2015,9,1,2017,104635,104635,104635
72,Puerto Rico,2015,10,1,2017,106013,106013,106013
72,Puerto Rico,2015,11,1,2017,106993,106993,106993
72,Puerto Rico,2015,12,1,2017,102928,102928,102928
72,Puerto Rico,2015,13,1,2017,94858,94858,94858
72,Puerto Rico,2015,14,1,2017,90981,90981,90981
72,Puerto Rico,2015,15,1,2017,70922,70922,70922
72,Puerto Rico,2015,16,1,2017,51268,51268,51268
72,Puerto Rico,2015,17,1,2017,32490,32490,32490
72,Puerto Rico,2015,18,1,2017,28262,28262,28262
72,Puerto Rico,2015,1,2,2017,84057,84057,84057
72,Puerto Rico,2015,2,2,2017,97073,97073,97073
72,Puerto Rico,2015,3,2,2017,105217,105217,105217
72,Puerto Rico,2015,4,2,2017,118620,118620,118620
72,Puerto Rico,2015,5,2,2017,123363,123363,123363
72,Puerto Rico,2015,6,2,2017,114016,114016,114016
72,Puerto Rico,2015,7,2,2017,109091,109091,109091
72,Puerto Rico,2015,8,2,2017,115994,115994,115994
72,Puerto Rico,2015,9,2,2017,114880,114880,114880
72,Puerto Rico,2015,10,2,2017,118093,118093,118093
72,Puerto Rico,2015,11,2,2017,124743,124743,124743
72,Puerto Rico,2015,12,2,2017,121480,121480,121480
72,Puerto Rico,2015,13,2,2017,113815,113815,113815
72,Puerto Rico,2015,14,2,2017,109800,109800,109800
72,Puerto Rico,2015,15,2,2017,87382,87382,87382
72,Puerto Rico,2015,16,2,2017,65029,65029,65029
72,Puerto Rico,2015,17,2,2017,46267,46267,46267
72,Puerto Rico,2015,18,2,2017,47921,47921,47921
72,Puerto Rico,2016,1,1,2017,82268,82268,82268
72,Puerto Rico,2016,2,1,2017,95586,95586,95586
72,Puerto Rico,2016,3,1,2017,106179,106179,106179
72,Puerto Rico,2016,4,1,2017,119658,119658,119658
72,Puerto Rico,2016,5,1,2017,121398,121398,121398
72,Puerto Rico,2016,6,1,2017,111138,111138,111138
72,Puerto Rico,2016,7,1,2017,94594,94594,94594
72,Puerto Rico,2016,8,1,2017,101553,101553,101553
72,Puerto Rico,2016,9,1,2017,101129,101129,101129
72,Puerto Rico,2016,10,1,2017,104115,104115,104115
72,Puerto Rico,2016,11,1,2017,105612,105612,105612
72,Puerto Rico,2016,12,1,2017,102039,102039,102039
72,Puerto Rico,2016,13,1,2017,95191,95191,95191
72,Puerto Rico,2016,14,1,2017,89782,89782,89782
72,Puerto Rico,2016,15,1,2017,73939,73939,73939
72,Puerto Rico,2016,16,1,2017,52445,52445,52445
72,Puerto Rico,2016,17,1,2017,33867,33867,33867
72,Puerto Rico,2016,18,1,2017,29700,29700,29700
72,Puerto Rico,2016,1,2,2017,78148,78148,78148
72,Puerto Rico,2016,2,2,2017,92302,92302,92302
72,Puerto Rico,2016,3,2,2017,100184,100184,100184
72,Puerto Rico,2016,4,2,2017,114428,114428,114428
72,Puerto Rico,2016,5,2,2017,118984,118984,118984
72,Puerto Rico,2016,6,2,2017,114321,114321,114321
72,Puerto Rico,2016,7,2,2017,103945,103945,103945
72,Puerto Rico,2016,8,2,2017,113711,113711,113711
72,Puerto Rico,2016,9,2,2017,111823,111823,111823
72,Puerto Rico,2016,10,2,2017,115341,115341,115341
72,Puerto Rico,2016,11,2,2017,123131,123131,123131
72,Puerto Rico,2016,12,2,2017,120152,120152,120152
72,Puerto Rico,2016,13,2,2017,114365,114365,114365
72,Puerto Rico,2016,14,2,2017,109153,109153,109153
72,Puerto Rico,2016,15,2,2017,91452,91452,91452
72,Puerto Rico,2016,16,2,2017,66772,66772,66772
72,Puerto Rico,2016,17,2,2017,47710,47710,47710
72,Puerto Rico,2016,18,2,2017,50405,50405,50405
72,Puerto Rico,2017,1,1,2017,75791,75791,75791
72,Puerto Rico,2017,2,1,2017,90227,90227,90227
72,Puerto Rico,2017,3,1,2017,101890,101890,101890
72,Puerto Rico,2017,4,1,2017,113803,113803,113803
72,Puerto Rico,2017,5,1,2017,116962,116962,116962
72,Puerto Rico,2017,6,1,2017,110409,110409,110409
72,Puerto Rico,2017,7,1,2017,90911,90911,90911
72,Puerto Rico,2017,8,1,2017,97113,97113,97113
72,Puerto Rico,2017,9,1,2017,98529,98529,98529
72,Puerto Rico,2017,10,1,2017,102124,102124,102124
72,Puerto Rico,2017,11,1,2017,103713,103713,103713
72,Puerto Rico,2017,12,1,2017,100731,100731,100731
72,Puerto Rico,2017,13,1,2017,95614,95614,95614
72,Puerto Rico,2017,14,1,2017,87884,87884,87884
72,Puerto Rico,2017,15,1,2017,76642,76642,76642
72,Puerto Rico,2017,16,1,2017,54006,54006,54006
72,Puerto Rico,2017,17,1,2017,35247,35247,35247
72,Puerto Rico,2017,18,1,2017,31107,31107,31107
72,Puerto Rico,2017,1,2,2017,72179,72179,72179
72,Puerto Rico,2017,2,2,2017,87512,87512,87512
72,Puerto Rico,2017,3,2,2017,96367,96367,96367
72,Puerto Rico,2017,4,2,2017,108875,108875,108875
72,Puerto Rico,2017,5,2,2017,115188,115188,115188
72,Puerto Rico,2017,6,2,2017,113419,113419,113419
72,Puerto Rico,2017,7,2,2017,99844,99844,99844
72,Puerto Rico,2017,8,2,2017,110565,110565,110565
72,Puerto Rico,2017,9,2,2017,109680,109680,109680
72,Puerto Rico,2017,10,2,2017,112821,112821,112821
72,Puerto Rico,2017,11,2,2017,120689,120689,120689
72,Puerto Rico,2017,12,2,2017,118753,118753,118753
72,Puerto Rico,2017,13,2,2017,114718,114718,114718
72,Puerto Rico,2017,14,2,2017,107679,107679,107679
72,Puerto Rico,2017,15,2,2017,94981,94981,94981
72,Puerto Rico,2017,16,2,2017,69057,69057,69057
72,Puerto Rico,2017,17,2,2017,49261,49261,49261
72,Puerto Rico,2017,18,2,2017,52886,52886,52886
72,Puerto Rico,2022,1,1,2017,64037.40003828074,60455.3491095737,67721.33585488483
72,Puerto Rico,2022,1,2,2017,60910.573864536564,57503.427766332796,64414.630002595535
72,Puerto Rico,2027,1,1,2017,54770.32255764052,45502.91186235328,64949.18859071242
72,Puerto Rico,2027,1,2,2017,52095.990401505725,43281.08999407431,61777.84149155654
72,Puerto Rico,2032,1,1,2017,45430.98664700972,34632.51454824805,57921.428805274634
72,Puerto Rico,2032,1,2,2017,43212.67675213619,32941.47379882188,55093.23403939208
72,Puerto Rico,2037,1,1,2017,38052.32908939708,26863.99550871336,51678.11824787469
72,Puerto Rico,2037,1,2,2017,36194.305208078855,25552.276978014466,49154.77263030269
72,Puerto Rico,2042,1,1,2017,31126.146786212048,20278.4922480307,45186.84311603204
72,Puerto Rico,2042,1,2,2017,29606.315400166535,19288.331493732327,42980.45429200704
72,Puerto Rico,2047,1,1,2017,25142.149654493132,15030.945514562967,39196.35290529248
72,Puerto Rico,2047,1,2,2017,23914.505628394832,14297.012628109696,37282.46848608874
72,Puerto Rico,2022,2,1,2017,65560.55139996124,62928.38912357121,68192.71367635128
72,Puerto Rico,2022,2,2,2017,62690.76850829182,60544.91045917231,64836.62655741132
72,Puerto Rico,2027,2,1,2017,55393.48018537273,50195.37588062696,60932.058763338435
72,Puerto Rico,2027,2,2,2017,52903.624126807954,48234.80354685022,57862.08329724864
72,Puerto Rico,2032,2,1,2017,47377.29476102239,37780.54048541029,58437.827988518344
72,Puerto Rico,2032,2,2,2017,45247.754533465246,36304.87701778368,55493.52080675822
72,Puerto Rico,2037,2,1,2017,39298.60452061899,28754.97554881047,52114.62324343601
72,Puerto Rico,2037,2,2,2017,37532.18962429257,27631.840030242056,49488.90177547661
72,Puerto Rico,2042,2,1,2017,32915.93562762937,22304.8642026914,46497.2242220045
72,Puerto Rico,2042,2,2,2017,31436.412379198,21433.66244561238,44154.527446284905
72,Puerto Rico,2047,2,1,2017,26924.66580808003,16836.997150366115,40656.71985525693
72,Puerto Rico,2047,2,2,2017,25714.441390644304,16179.363848139446,38608.28861855591
72,Puerto Rico,2022,3,1,2017,80289.06056969055,77864.77828800779,82713.34285137334
72,Puerto Rico,2022,3,2,2017,77837.8807246283,75215.20749164892,80460.55395760766
72,Puerto Rico,2027,3,1,2017,58339.4669260177,54306.41678353876,62513.962630671296
72,Puerto Rico,2027,3,2,2017,55760.5421163235,52037.412043490614,59612.29190913076
72,Puerto Rico,2032,3,1,2017,49292.23498253677,43317.98479422159,55857.93905518347
72,Puerto Rico,2032,3,2,2017,47055.329379777,41457.065969184376,53199.7357532437
72,Puerto Rico,2037,3,1,2017,42158.98221924491,32604.136328344885,53571.41545107228
72,Puerto Rico,2037,3,2,2017,40245.78709700529,31203.47904117602,51022.02469569651
72,Puerto Rico,2042,3,1,2017,34970.10915424754,24815.186094907425,47774.77584209242
72,Puerto Rico,2042,3,2,2017,33383.14858887715,23749.13818962779,45501.23927699608
72,Puerto Rico,2047,3,1,2017,29290.45129855553,19248.82026318826,42625.16595599808
72,Puerto Rico,2047,3,2,2017,27961.236369666356,18421.900632515524,40596.692317219065
72,Puerto Rico,2022,4,1,2017,90441.79287795376,86729.54331504015,94154.04244086736
72,Puerto Rico,2022,4,2,2017,86080.99181739667,82572.12053008417,89589.86310470916
72,Puerto Rico,2027,4,1,2017,71267.90250671741,66279.09177785621,76433.3653278459
72,Puerto Rico,2027,4,2,2017,69529.6312403647,64448.194700423635,74802.05894539764
72,Puerto Rico,2032,4,1,2017,51784.53218503412,46226.03520181125,57767.61498356091
72,Puerto Rico,2032,4,2,2017,49808.7806992938,44588.28706225949,55419.97853515193
72,Puerto Rico,2037,4,1,2017,43753.83361254311,36872.59827785545,51616.9473398874
72,Puerto Rico,2037,4,2,2017,42032.74381588603,35522.51131643761,49458.39388317375
72,Puerto Rico,2042,4,1,2017,37422.06239884467,27752.888938449913,49504.02712727056
72,Puerto Rico,2042,4,2,2017,35950.037562464335,26736.719336971593,47433.8332397246
72,Puerto Rico,2047,4,1,2017,31040.9202968681,21122.875231024198,44147.49506565212
72,Puerto Rico,2047,4,2,2017,29819.90246161104,20349.46300164549,42301.304366854776
72,Puerto Rico,2022,5,1,2017,96833.42435598014,94591.2047019689,99075.64400999139
72,Puerto Rico,2022,5,2,2017,95220.1447477183,93275.50855845769,97164.7809369789
72,Puerto Rico,2027,5,1,2017,76955.69105618093,72088.18735377135,81969.4769994903
72,Puerto Rico,2027,5,2,2017,75284.90930773516,70741.27701670601,79953.88677605506
72,Puerto Rico,2032,5,1,2017,60640.88860920703,55090.10428389218,66542.04980279323
72,Puerto Rico,2032,5,2,2017,60809.38278726065,55214.127544032264,66756.60777097172
72,Puerto Rico,2037,5,1,2017,44062.75388301996,38422.329449442885,50291.8522131888
72,Puerto Rico,2037,5,2,2017,43561.876536340875,38199.72584599544,49459.19700482306
72,Puerto Rico,2042,5,1,2017,37229.54172916649,30647.904638665863,44937.1484014407
72,Puerto Rico,2042,5,2,2017,36761.09253999935,30432.884576939487,44138.81981311958
72,Puerto Rico,2047,5,1,2017,31841.923750193702,23067.75039891676,43097.663231394734
72,Puerto Rico,2047,5,2,2017,31441.2654914697,22905.911305081747,42332.01392182805
72,Puerto Rico,2022,6,1,2017,97305.29214202396,94836.94911522401,99773.6351688239
72,Puerto Rico,2022,6,2,2017,99602.54917964428,97507.49062746471,101697.60773182385
72,Puerto Rico,2027,6,1,2017,80559.53767951322,76697.91271582534,84515.80136770193
72,Puerto Rico,2027,6,2,2017,82336.43391783396,78958.40518574693,85785.20138449731
72,Puerto Rico,2032,6,1,2017,64022.468837853536,58451.665975943884,69923.50244631972
72,Puerto Rico,2032,6,2,2017,65098.52486204075,59883.01216864036,70589.98345301513
72,Puerto Rico,2037,6,1,2017,50449.542431480506,44669.01572069447,56763.24105615159
72,Puerto Rico,2037,6,2,2017,52581.60172632516,46739.16574646115,58938.3209240503
72,Puerto Rico,2042,6,1,2017,36657.53953565566,31154.191129471004,42901.121002403415
72,Puerto Rico,2042,6,2,2017,37667.76009713238,32336.34935844117,43666.71889196351
72,Puerto Rico,2047,6,1,2017,30972.72134770453,24850.411011314718,38333.32749211405
72,Puerto Rico,2047,6,2,2017,31787.152547250927,25761.661003339257,38969.44458711228
72,Puerto Rico,2022,7,1,2017,89750.19303711307,84567.3875275702,94932.99854665593
72,Puerto Rico,2022,7,2,2017,97072.68464902339,93372.63625360827,100772.73304443852
72,Puerto Rico,2027,7,1,2017,79098.34119754125,72640.02959685899,85788.39009932648
72,Puerto Rico,2027,7,2,2017,85247.50568030447,80273.42380342253,90358.28102184916
72,Puerto Rico,2032,7,1,2017,65485.91199736339,58746.49808616106,72669.2429820894
72,Puerto Rico,2032,7,2,2017,70469.8391348103,65002.81651728339,76220.11478044547
72,Puerto Rico,2037,7,1,2017,52043.12091323996,44770.8491900093,60122.342889742344
72,Puerto Rico,2037,7,2,2017,55716.31362513768,49298.924457038534,62719.170140117836
72,Puerto Rico,2042,7,1,2017,41009.846768464544,34214.07641521158,48806.751992021666
72,Puerto Rico,2042,7,2,2017,45003.37018242187,38478.201377559526,52366.67296102738
72,Puerto Rico,2047,7,1,2017,29798.487891301433,23862.443771377013,36887.68178111453
72,Puerto Rico,2047,7,2,2017,32238.95993919888,26621.02633963733,38797.86107994585
72,Puerto Rico,2022,8,1,2017,77511.93895730551,72919.86932021611,82104.00859439492
72,Puerto Rico,2022,8,2,2017,88466.4538874495,84561.01984038978,92371.88793450921
72,Puerto Rico,2027,8,1,2017,76522.21935848352,67831.64685530346,85736.37655032195
72,Puerto Rico,2027,8,2,2017,86010.93886697001,79080.21860893862,93231.1165782129
72,Puerto Rico,2032,8,1,2017,67440.30749334999,58264.69256327164,77477.65086749024
72,Puerto Rico,2032,8,2,2017,75533.27721532335,67986.08412019981,83596.05993855557
72,Puerto Rico,2037,8,1,2017,55834.16762881403,47120.667064086745,65629.41943603789
72,Puerto Rico,2037,8,2,2017,62439.57347738151,55052.92713832797,70515.96391225049
72,Puerto Rico,2042,8,1,2017,44372.6634991885,35910.775068919946,54297.998672708076
72,Puerto Rico,2042,8,2,2017,49367.25982629819,41752.80767118217,58025.40118112637
72,Puerto Rico,2047,8,1,2017,34965.54585655945,27443.169485641083,44078.60418450405
72,Puerto Rico,2047,8,2,2017,39875.09087199075,32588.397401048882,48447.66281658503
72,Puerto Rico,2022,9,1,2017,86469.0089696155,83086.42943375252,89851.58850547849
72,Puerto Rico,2022,9,2,2017,100397.25481362229,97175.92800448697,103618.58162275761
72,Puerto Rico,2027,9,1,2017,69016.30620979209,62387.64713882375,75964.86150025066
72,Puerto Rico,2027,9,2,2017,80330.92853430864,74320.94764161996,86568.48016632897
72,Puerto Rico,2032,9,1,2017,68135.06401906641,58034.344936500696,79325.62711223299
72,Puerto Rico,2032,9,2,2017,78101.22684562093,69503.85411406241,87373.72643187613
72,Puerto Rico,2037,9,1,2017,60048.56768461594,49849.19904788807,71684.42952145297
72,Puerto Rico,2037,9,2,2017,68587.10875498386,59753.18424249565,78344.00723632396
72,Puerto Rico,2042,9,1,2017,49714.50929851756,40314.76711554158,60722.123598491744
72,Puerto Rico,2042,9,2,2017,56697.524251459,48386.19168842243,66085.68862071141
72,Puerto Rico,2047,9,1,2017,39509.23396576216,30723.982151464545,50237.98495990427
72,Puerto Rico,2047,9,2,2017,44827.36276607569,36696.67464604522,54379.86495256003
72,Puerto Rico,2022,10,1,2017,89524.88541717679,87061.50195386235,91988.26888049122
72,Puerto Rico,2022,10,2,2017,101039.26424847542,98451.4386564148,103627.08984053603
72,Puerto Rico,2027,10,1,2017,78567.00179786317,73416.24636894814,83886.89708391651
72,Puerto Rico,2027,10,2,2017,92487.82602967818,87227.47916497018,97900.18295924891
72,Puerto Rico,2032,10,1,2017,62709.22170476128,55126.53394709759,70922.02402495035
72,Puerto Rico,2032,10,2,2017,74002.351527201,66712.29228323819,81791.02545181286
72,Puerto Rico,2037,10,1,2017,61908.512206547566,51279.89967502235,74059.68918707866
72,Puerto Rico,2037,10,2,2017,71948.30869242174,62388.351838940725,82551.8325917072
72,Puerto Rico,2042,10,1,2017,54561.00377991075,44047.39863701225,66925.74345993604
72,Puerto Rico,2042,10,2,2017,63183.725433385625,53635.913137997006,74020.43650935584
72,Puerto Rico,2047,10,1,2017,45171.327715910586,35622.65095554841,56691.15724885546
72,Puerto Rico,2047,10,2,2017,52230.818153514854,43432.62384053837,62438.6177231232
72,Puerto Rico,2022,11,1,2017,93585.30297899444,90288.48248628515,96882.12347170374
72,Puerto Rico,2022,11,2,2017,105459.60011273013,102830.22557857189,108088.97464688835
72,Puerto Rico,2027,11,1,2017,82039.61386085789,76971.63149104011,87266.64470279301
72,Puerto Rico,2027,11,2,2017,94446.60482825615,89733.1493744433,99280.68255470632
72,Puerto Rico,2032,11,1,2017,71997.93062751387,64907.7736329518,79581.10454880443
72,Puerto Rico,2032,11,2,2017,86453.1350403348,79503.11873839147,93793.97801657481
72,Puerto Rico,2037,11,1,2017,57466.03651264168,48737.721738397675,67281.69958529218
72,Puerto Rico,2037,11,2,2017,69173.80983558291,60804.63800488388,78360.48321149433
72,Puerto Rico,2042,11,1,2017,56732.27519318211,45336.887741438986,70258.31295384589
72,Puerto Rico,2042,11,2,2017,67253.79019411333,56863.60068669472,79089.3799918385
72,Puerto Rico,2047,11,1,2017,49999.09981572411,38942.58725083527,63490.54229486793
72,Puerto Rico,2047,11,2,2017,59061.08275797399,48886.2272723422,70915.81430062997
72,Puerto Rico,2022,12,1,2017,95577.1176807892,92961.00961868909,98193.2257428893
72,Puerto Rico,2022,12,2,2017,112780.13472133254,109788.16028877841,115772.10915388665
72,Puerto Rico,2027,12,1,2017,86243.89918347423,80928.22007717832,91725.89955461206
72,Puerto Rico,2027,12,2,2017,98548.73193390913,93542.42133377104,103685.4110246273
72,Puerto Rico,2032,12,1,2017,75603.92456553873,68991.93520006916,82622.17217827919
72,Puerto Rico,2032,12,2,2017,88257.42873421095,81628.2957580084,95235.97028391842
72,Puerto Rico,2037,12,1,2017,66349.97240807989,58178.74489235223,75345.66895017239
72,Puerto Rico,2037,12,2,2017,80787.77864536547,72322.25922419032,89972.79504273085
72,Puerto Rico,2042,12,1,2017,52958.0489853469,43685.05220479765,63700.85828916199
72,Puerto Rico,2042,12,2,2017,64640.78410165697,55312.65768695853,75168.06349967622
72,Puerto Rico,2047,12,1,2017,52281.84839352525,40636.78475613797,66519.05146116257
72,Puerto Rico,2047,12,2,2017,62846.58517853603,51727.58169168632,75867.26489844432
72,Puerto Rico,2022,13,1,2017,93230.50552553803,90791.35557553216,95669.65547554388
72,Puerto Rico,2022,13,2,2017,110876.24553267809,108473.67553353496,113278.81553182124
72,Puerto Rico,2027,13,1,2017,88460.38456933631,83788.06999782457,93259.39459406266
72,Puerto Rico,2027,13,2,2017,105299.55376766044,100284.83723854284,110435.33549950736
72,Puerto Rico,2032,13,1,2017,79822.12347111454,72942.61751716967,87117.02662114026
72,Puerto Rico,2032,13,2,2017,92012.10410548099,85445.33831044857,98905.80068545486
72,Puerto Rico,2037,13,1,2017,69974.40814605055,62184.14709070249,78470.7264589554
72,Puerto Rico,2037,13,2,2017,82403.41160574649,74562.50594435199,90845.85576605225
72,Puerto Rico,2042,13,1,2017,61409.511165488155,52437.949732055946,71559.83947382015
72,Puerto Rico,2042,13,2,2017,75429.21510297163,66062.00500986945,85825.29832954003
72,Puerto Rico,2047,13,1,2017,49014.758897956905,39374.424040875885,60500.1356684692
72,Puerto Rico,2047,13,2,2017,60353.23275605798,50524.76386139826,71703.02391572464
72,Puerto Rico,2022,14,1,2017,87165.0882006278,85159.05733595019,89171.11906530542
72,Puerto Rico,2022,14,2,2017,106908.5802744093,105212.5985343912,108604.56201442737
72,Puerto Rico,2027,14,1,2017,84992.21073402054,80863.74647086601,89223.02423647659
72,Puerto Rico,2027,14,2,2017,103328.35297037457,99485.67160741669,107242.07313888455
72,Puerto Rico,2032,14,1,2017,80643.60055271878,74626.23733985974,86975.17705885605
72,Puerto Rico,2032,14,2,2017,98131.29410231527,91975.3510300526,104550.12502693858
72,Puerto Rico,2037,14,1,2017,72768.65765181983,64966.684244764736,81246.70815413099
72,Puerto Rico,2037,14,2,2017,85748.38663486218,78365.43590624369,93635.01075794622
72,Puerto Rico,2042,14,1,2017,63791.13370256683,55384.60212400164,73183.03273801456
72,Puerto Rico,2042,14,2,2017,76793.80519655274,68384.34250633085,86004.58843684466
72,Puerto Rico,2047,14,1,2017,55983.07211388722,46704.10575660286,66737.83092448971
72,Puerto Rico,2047,14,2,2017,70294.3766267868,60588.18329713153,81251.58157252794
72,Puerto Rico,2022,15,1,2017,77559.27560724161,77154.65950780407,77963.89170667913
72,Puerto Rico,2022,15,2,2017,98192.20485846383,97686.7572484867,98697.65246844094
72,Puerto Rico,2027,15,1,2017,76924.82248284118,74762.39216194986,79105.72425209211
72,Puerto Rico,2027,15,2,2017,97489.66107999072,95449.22939952601,99546.01471212765
72,Puerto Rico,2032,15,1,2017,75007.21743194049,70991.47541628807,79151.77050788618
72,Puerto Rico,2032,15,2,2017,94224.86095296835,90253.7416953759,98297.16903627217
72,Puerto Rico,2037,15,1,2017,71169.48752023824,65515.47417397311,77157.65424179482
72,Puerto Rico,2037,15,2,2017,89485.67625554382,83440.35316930042,95829.75236992202
72,Puerto Rico,2042,15,1,2017,64219.70295374021,57035.21007527926,72075.79941801503
72,Puerto Rico,2042,15,2,2017,78193.73458829621,71093.39159952331,85825.0517804447
72,Puerto Rico,2047,15,1,2017,56296.86996649879,48622.95888731224,64922.32987976106
72,Puerto Rico,2047,15,2,2017,70028.07466377725,62038.50951451363,78831.07179887431
72,Puerto Rico,2022,16,1,2017,64113.1932546986,63083.2719675164,65143.114541880794
72,Puerto Rico,2022,16,2,2017,82713.38873660403,81963.82953267261,83462.94794053545
72,Puerto Rico,2027,16,1,2017,64880.52015476517,63505.236936561276,66266.67789957189
72,Puerto Rico,2027,16,2,2017,85509.83892949513,84298.76205466918,86728.89346107692
72,Puerto Rico,2032,16,1,2017,64349.78223331567,61536.18535130085,67237.19704434219
72,Puerto Rico,2032,16,2,2017,84898.03470914235,82367.88797262307,87474.37743976255
72,Puerto Rico,2037,16,1,2017,62745.65155803865,58432.381084274355,67276.3348084326
72,Puerto Rico,2037,16,2,2017,82054.91153657397,77884.44319396147,86376.97541588737
72,Puerto Rico,2042,16,1,2017,59535.282315478384,53925.13863674673,65581.40325221255
72,Puerto Rico,2042,16,2,2017,77927.833213829,72004.83131694273,84208.77473605463
72,Puerto Rico,2047,16,1,2017,53721.5916368634,46945.11715382262,61261.99808441035
72,Puerto Rico,2047,16,2,2017,68094.34271873937,61350.02400441001,75417.31323891111
72,Puerto Rico,2022,17,1,2017,40918.75979236633,39890.43579377474,41947.08379095792
72,Puerto Rico,2022,17,2,2017,56566.994165470394,55058.27836230203,58075.70996863876
72,Puerto Rico,2027,17,1,2017,48576.68322613364,46595.17850019336,50597.409252531994
72,Puerto Rico,2027,17,2,2017,67753.4178732028,65348.731367568245,70190.85621620013
72,Puerto Rico,2032,17,1,2017,49158.06427835089,46906.854360373836,51470.09388589715
72,Puerto Rico,2032,17,2,2017,70044.08763507052,67210.34372769509,72937.45836839819
72,Puerto Rico,2037,17,1,2017,48755.9397455121,45452.45437080858,52223.90731193145
72,Puerto Rico,2037,17,2,2017,69542.93748717665,65670.88208453293,73564.39714842649
72,Puerto Rico,2042,17,1,2017,47540.53705364033,43159.892343806685,52254.306065212404
72,Puerto Rico,2042,17,2,2017,67214.03626189336,62096.28789935895,72641.50154540909
72,Puerto Rico,2047,17,1,2017,45108.13458204227,39830.70918897061,50937.83315463393
72,Puerto Rico,2047,17,2,2017,63833.40264903507,57408.5472302422,70818.08329909414
72,Puerto Rico,2022,18,1,2017,37832.4157770163,35506.313816476206,40158.517737556394
72,Puerto Rico,2022,18,2,2017,63994.90985593794,60785.061870297104,67204.75784157879
72,Puerto Rico,2027,18,1,2017,44900.79297509859,40345.128438434,49691.642633987096
72,Puerto Rico,2027,18,2,2017,75531.81375772433,68935.40293205298,82424.7750933985
72,Puerto Rico,2032,18,1,2017,53297.14479053507,46522.13614045373,60696.561911376724
72,Puerto Rico,2032,18,2,2017,89767.93720724416,79909.04687951444,100409.18034794214
72,Puerto Rico,2037,18,1,2017,58415.891551605404,49994.25891851219,67885.08057384945
72,Puerto Rico,2037,18,2,2017,100121.94311804403,87546.97896540904,114048.5660624717
72,Puerto Rico,2042,18,1,2017,61105.12224156491,51073.95115293506,72691.90885931638
72,Puerto Rico,2042,18,2,2017,106294.73934672159,91176.0224338973,123434.69470987344
72,Puerto Rico,2047,18,1,2017,61945.44043801821,50424.93925502634,75619.47717224619
72,Puerto Rico,2047,18,2,2017,108702.93258037414,91208.423806967985,129002.84186353136
